POS	CHAR	Reading (space separated)	description	additional description	category	memo	unicode
句読点	、	とうてん , 、 ， てん	読点		OTHER
句読点	。	くてん . ． 。 まる	句点		OTHER
句読点	，	かんま こんま , ， 、 てん	カンマ		GENERAL
句読点	．	ぴりおど どっと . ． 。 てん	ピリオド		GENERAL
句読点	・	てん なかてん なかぐろ 、 ・ /	中点		OTHER
句読点	：	ころん : ： てん	コロン		GENERAL
句読点	；	せみころん ; ； てん	セミコロン		GENERAL
句読点	？	ぎもんふ . ? ？ くえすちょん はてな ・	疑問符		GENERAL
句読点	？？	ぎもんふ . ? ？ くえすちょん はてな ・	疑問符		GENERAL
句読点	？！	ぎもんふ . ? ？ くえすちょん はてな ・	疑問符		GENERAL
句読点	！？	ぎもんふ かんたんふ . ? ？ ! ！ くえすちょん はてな えくすくらめーしょん びっくり ・	疑問符		GENERAL
句読点	！	かんたんふ . ! ！ えくすくらめーしょん びっくり	感嘆符		GENERAL
句読点	！！	かんたんふ . ! ！ えくすくらめーしょん びっくり	感嘆符		GENERAL
記号	゛	だくてん " てん てんてん きごう	濁点		OTHER
記号	゜	はんだくてん まる ' てん きごう	半濁点		OTHER
記号	"	" だぶるくおーと だぶるくおーてーしょん くぉーと だぶるくぉーてしょん きごう	ダブルクオーテーション		GENERAL
記号	´	あきゅーと きごう '	アキュートアクセント
記号	'	あぽすとろふぃ くぉーと きごう '	アポストロフィ		GENERAL
記号	¨	うむらうと とれま きごう	ウムラウト／トレマ
記号	｀	` ぐらーぶ きごう	グラーブアクセント
記号	˝	だぶるあきゅーと	ダブルアキュート
記号	~	ちるだ きごう	チルダ		GENERAL
記号	¯	まくろん きごう	マクロン
記号	＾	^ きごう	ハット		GENERAL
記号	￣	~ きごう うえ おーばーらいん	オーバーライン
記号	＿	_ きごう した あんだーばー あんだーすこあ あんだーらいん	アンダーライン		GENERAL
記号	　	すぺーす くうはく	空白		GENERAL
記号	␣	すぺーす くうはく	空白記号		SYMBOL		U+2423
記号	ヽ	おなじ くりかえし どう きごう おどりじ おどり かさねじ おくりじ ゆすりじ じゅうてん じょうじ	繰り返し記号 踊り字		OTHER
記号	ヾ	おなじ くりかえし どう きごう おどりじ おどり かさねじ おくりじ ゆすりじ じゅうてん じょうじ	繰り返し記号 踊り字		OTHER
記号	ゝ	おなじ くりかえし どう きごう おどりじ おどり かさねじ おくりじ ゆすりじ じゅうてん じょうじ	繰り返し記号 踊り字		OTHER
記号	ゞ	おなじ くりかえし どう きごう おどりじ おどり かさねじ おくりじ ゆすりじ じゅうてん じょうじ	繰り返し記号 踊り字		OTHER
記号	〃	おなじ くりかえし どう きごう おどりじ おどり かさねじ おくりじ ゆすりじ じゅうてん じょうじ おなじく どうじょう のの ののじ ののてん ののじてん	繰り返し記号 同上		OTHER
記号	仝	おなじ どう きごう			OTHER	「同」の異体字
記号	々	おなじ くりかえし どう のま きごう おどりじ おどり かさねじ おくりじ ゆすりじ じゅうてん じょうじ	繰り返し記号 踊り字		OTHER
記号	〆	しめ きごう	しめ		OTHER
記号	〇	ぜろ れい きごう	漢数字ゼロ			IDEOGRAPHIC NUMBER ZERO	U+3007
記号	ー	- ー － ―	長音		OTHER	長音
記号	-	- ー － ― はいふん まいなす きごう	ハイフン マイナス		GENERAL	ハイフン マイナス
記号	―	- ー － ― だっしゅ きごう	ダッシュ 水平棒		GENERAL	ホリゾンタルバー
記号	–	- ー － ― だっしゅ きごう えんだっしゅ にぶだーし にぶだっしゅ enだっしゅ ENだっしゅ	enダッシュ(二分)		GENERAL
記号	—	- ー － ― だっしゅ きごう えmだっしゅ えむだっしゅ ぜんかくだっしゅ emだっしゅ EMだっしゅ	emダッシュ(全角)		GENERAL
記号	‐	- ー － ― はいふん	ハイフン		GENERAL	ハイフン
記号	／	すらっしゅ しゃせん ・ / きごう ななめ	スラッシュ		GENERAL
記号	＼	ばっくすらっしゅ ぎゃくしゃせん ・ / ／ \ ＼ ¥ ￥ きごう しゃせん すらっしゅ ななめ	バックスラッシュ		GENERAL
記号	\	ばっくすらっしゅ ぎゃくしゃせん ・ / ／ \ ＼ ¥ ￥ きごう しゃせん すらっしゅ ななめ	バックスラッシュ		GENERAL
記号	〜	にょろ なみ から ー - ~ きごう より	波ダッシュ		GENERAL
記号	∥	| || たてぼう たてせん へいこう きごう	縦線 平行		SYMBOL
記号	‖	| || たてぼう たてせん そうちゅう きごう	縦線 双柱		SYMBOL
記号	｜	| たてぼう たてせん きごう	縦線		GENERAL
句読点	…	。。。 . ... ・・・ ・ 。 てん きごう あまり さんてん さんてんりーだ さんてんりーだー	三点リーダ		SYMBOL OTHER
句読点	‥	。。 .. ・・ ・ 。 てん など きごう にてんりーだ にてんりーだー	二点リーダ		SYMBOL OTHER
句読点	︙	。。。 . ... ・・・ ・ … : てん きごう さんてん さんてんりーだ さんてんりーだー たてさんてんりーだ たてさんてんりーだー たてりーだ たてりーだー	三点リーダ (縦)		SYMBOL OTHER
句読点	︰	。。 .. ・・ ・ ‥ : てん など きごう にてんりーだ にてんりーだー たてにてんりーだ たてにてんりーだー たてりーだ たてりーだー	二点リーダ (縦)		SYMBOL OTHER
括弧開	‘	ばっくくおーと ばっくくぉーと ' " きごう	左シングル引用符		GENERAL PARENTHESIS
括弧閉	’	くおーと くおーてーしょん くぉーと くぉーてーしょん ' " きごう	右シングル引用符		GENERAL PARENTHESIS
括弧開	“	" ' だぶるくおーと だぶるくおーてーしょん くぉーと だぶるくぉーてしょん きごう	左ダブル引用符		PARENTHESIS
括弧閉	”	" ' だぶるくおーと だぶるくおーてーしょん くぉーと だぶるくぉーてしょん きごう	右ダブル引用符		PARENTHESIS
括弧開	（	 [ 「 ( ｢	始め丸括弧		GENERAL PARENTHESIS
括弧閉	）	 ] 」 ) ｣	終わり丸括弧		GENERAL PARENTHESIS
括弧開	〔	 [ 「 ( ｢	始め甲括弧		PARENTHESIS
括弧閉	〕	 ] 」 ) ｣	終わり甲括弧		PARENTHESIS
括弧開	［	 [ 「 ( ｢	始め角括弧		PARENTHESIS
括弧閉	］	 ] 」 ) ｣	終わり角括弧		PARENTHESIS
括弧開	〘	[ 「 ( ｢	始め二重甲括弧		PARENTHESIS
括弧閉	〙	 ] 」 ) ｣	終わり二重甲括弧		PARENTHESIS
括弧開	〚	 [ 「 ( ｢	始め二重角括弧		PARENTHESIS
括弧閉	〛	 ] 」 ) ｣	終わり二重角括弧		PARENTHESIS
括弧開	｛	 { [ ( 「 ｢	始め波括弧		PARENTHESIS
括弧閉	｝	 } ] ) 」 ｣	終わり波括弧		PARENTHESIS
括弧開	〈	< ( [ 「 ｢	始め山括弧		PARENTHESIS
括弧閉	〉	> ) ] 」 ｣	終わり山括弧		PARENTHESIS
括弧開	‹	< ( [ 「 ｢	始め山括弧		PARENTHESIS
括弧閉	›	> ) ] 」 ｣	終わり山括弧		PARENTHESIS
括弧開	《	 << ( [ 「 ｢	始め二重山括弧		PARENTHESIS
括弧閉	》	>> ) ] 」 ｣	終わり二重山括弧		PARENTHESIS
括弧開	«	ぎゅめ << ( [ 「 ｢	始め二重山括弧・ギュメ		PARENTHESIS
括弧閉	»	ぎゅめ >> ) ] 」 ｣	終わり二重山括弧・ギュメ		PARENTHESIS
括弧開	「	[ 「 ( ｢	始めかぎ括弧		PARENTHESIS
括弧閉	」	 ] 」 ) ｣	終わりかぎ括弧		PARENTHESIS
括弧開	『	 [ 「 ( ｢	始め二重かぎ括弧		PARENTHESIS
括弧閉	』	 ] 」 ) ｣	終わり二重かぎ括弧		PARENTHESIS
括弧開	【	 [ 「 ( ｢	始めすみつき括弧		PARENTHESIS
括弧閉	】	 ] 」 ) ｣	終わりすみつき括弧		PARENTHESIS
括弧開	〝	[ 「 ( ｢ " ' きごう	始め爪括弧		PARENTHESIS
括弧閉	〟	] 」 ) ｣ " ' きごう	終わり爪括弧		PARENTHESIS
記号	（）	() 「」 かっこ まるかっこ	丸括弧
記号	〔〕	() 「」 かっこ こうかっこ	甲括弧
記号	［］	() 「」 かっこ かくかっこ	角括弧
記号	〘〙	() 「」 かっこ こうかっこ	二重甲括弧
記号	〚〛	() 「」 かっこ かくかっこ	二重角括弧
記号	｛｝	() 「」 かっこ なみかっこ	波括弧
記号	〈〉	() 「」 <> かっこ やまかっこ	山括弧
記号	《》	() 「」 <<>> かっこ やまかっこ	二重山括弧
記号	«»	() 「」 <<>> かっこ やまかっこ ぎゅめ	二重山括弧・ギュメ
記号	‹›	() 「」 <> かっこ やまかっこ	一重山括弧
記号	「」	() 「」 かっこ かぎかっこ	かぎ括弧
記号	『』	() 「」 かっこ かぎかっこ	二重かぎ括弧
記号	【】	() 「」 かっこ 	すみつき括弧
記号	‘’	() 「」 "" '' かっこ	シングル引用符
記号	“”	() 「」 "" '' かっこ	ダブル引用符
記号	〝〟	() 「」 "" '' かっこ つめかっこ だぶるみにゅーと ののかぎ	爪括弧
記号	＋	ぷらす たす すうがく + ＋	加算記号		SYMBOL GENERAL		U+FF0B FULLWIDTH PLUS SIGN
記号	−	まいなす ひく はいふん すうがく - ー	減算記号 マイナス		SYMBOL GENERAL		U+2212 MINUS SIGN
記号	±	ぷらすまいなす ぷらまい +- +ー すうがく きごう	正または負記号		SYMBOL
記号	∓	まいなすぷらす -+ ー+ すうがく きごう	負または正記号		SYMBOL
記号	×	かける すうがく * ばつ ぺけ きごう	乗算記号		SYMBOL
記号	÷	わる すうがく / ・ きごう	除算記号		SYMBOL
記号	＝	いこーる とうごう すうがく =	等号		SYMBOL GENERAL
記号	゠	だぶるはいふん =	ダブルハイフン		SYMBOL
記号	≠	ふとうごう のっといこーる すうがく = != <> きごう とうごう	等号否定		SYMBOL
記号	＜	ふとうごう しょうなり すうがく <	不等号		SYMBOL GENERAL
記号	＞	ふとうごう だいなり すうがく >	不等号		SYMBOL GENERAL
記号	≦	ふとうごう しょうなりいこーる すうがく < <= きごう	不等号		SYMBOL
記号	≧	ふとうごう だいなりいこーる すうがく > >= きごう	不等号		SYMBOL
記号	⋮	。。。 . ... ・・・ ・ 。 てん さんてん さんてんりーだ さんてんりーだー	省略記号 三点リーダー	数学	SYMBOL
記号	⋯	。。。 . ... ・・・ ・ 。 てん あまり さんてん さんてんりーだ さんてんりーだー	省略記号 三点リーダー	数学	SYMBOL
記号	⋰	。。。 . ... ・・・ ・ 。 てん さんてん さんてんりーだ さんてんりーだー	省略記号 三点リーダー	数学	SYMBOL
記号	⋱	。。。 . ... ・・・ ・ 。 てん さんてん さんてんりーだ さんてんりーだー	省略記号 三点リーダー	数学	SYMBOL
記号	∞	むげんだい むげん すうがく きごう	無限大		SYMBOL
記号	∴	ゆえに すうがく きごう さんかく てん	ゆえに		SYMBOL
記号	♀	めす きごう きんせい せんせいじゅつ	雌記号, 金星		SYMBOL		U+2640
記号	♂	おす きごう かせい せんせいじゅつ	雄記号, 火星		SYMBOL		U+2642
記号	°	ど たんい きごう	度		SYMBOL
記号	′	’ ふん たんい きごう	分		SYMBOL	PRIME
記号	″	” びょう たんい きごう	秒		SYMBOL	DOUBLE PRIME
記号	℃	ど たんい せっし どC どc どしー C	摂氏温度	互換文字	OTHER
記号	°C	ど たんい せっし どC どc どしー C	摂氏温度		GENERAL
記号	°F	かし どF どf どえふ F	華氏温度		OTHER
記号	￥	えん つうか \ ¥ ＼ たんい	通貨記号	円	GENERAL OTHER
記号	¥	えん つうか \ ￥ ＼ たんい	通貨記号	円	GENERAL OTHER		U+00A5
記号	＄	どる だらー だら つうか $ たんい	通貨記号	ドル	GENERAL OTHER
記号	¢	せんと つうか たんい	通貨記号	セント	OTHER
記号	£	ぽんど つうか たんい	通貨記号	ポンド	OTHER
記号	€	ゆーろ つうか たんい	通貨記号	ユーロ	OTHER
記号	％	ぱーせんと たんい %	パーセント		GENERAL
記号	＃	しゃーぷ なんばー いげた はっしゅ #	井げた／ハッシュ		GENERAL
記号	＆	あんど あんぱさんど &	アンパサンド		GENERAL
記号	＊	あすたりすく あすてりすく ほし *	アスタリスク		GENERAL
記号	＠	あっとまーく あっと @	アットマーク		GENERAL
記号	§	せくしょん きごう だんらく	段落記号		SYMBOL
記号	¶	せくしょん だんらく だんらくきごう ぱらぐらふ きごう	段落記号		SYMBOL
記号	☆	ほし しろぼし しろほし ずけい	星		SYMBOL
記号	★	ほし くろぼし くろほし ずけい	黒星		SYMBOL
記号	○	まる しろまる ずけい	丸		SYMBOL
記号	●	まる くろまる ずけい	黒丸		SYMBOL
記号	◎	にじゅうまる まる ずけい	二重丸		SYMBOL
記号	◉	じゃのめ まる ずけい	蛇の目		SYMBOL		U+25C9
記号	⦿	まるなかぐろ まる ずけい	丸中黒		SYMBOL		U+29BF
記号	◇	しかく だいや ひしがた ひし ずけい	ひしがた		SYMBOL
記号	◆	しかく だいや ひしがた ひし ずけい	黒ひしがた		SYMBOL
記号	□	しかく ずけい	四角		SYMBOL		U+25A1
記号	■	しかく ずけい	黒四角		SYMBOL		U+25A0
記号	△	さんかく ずけい	三角		SYMBOL
記号	▲	さんかく ずけい	黒三角		SYMBOL
記号	▽	さんかく ずけい ぎゃくさんかく	逆三角		SYMBOL
記号	▼	さんかく ずけい ぎゃくさんかく	逆黒三角		SYMBOL
記号	▷	さんかく ずけい みぎ みぎさんかく >	右向三角		SYMBOL
記号	▶	さんかく ずけい みぎ みぎさんかく >	右向黒三角		SYMBOL
記号	◁	さんかく ずけい ひだり ひだりさんかく <	左向三角		SYMBOL
記号	◀	さんかく ずけい ひだり ひだりさんかく <	左向黒三角		SYMBOL
記号	⬠	ごかく ずけい	五角		SYMBOL		U+2B20
記号	⬟	ごかく ずけい	黒五角		SYMBOL		U+2B1F
記号	⬭	だえん ちょうえん ずけい	横長楕円		SYMBOL		U+2B2D
記号	⬬	だえん ちょうえん ずけい	横長黒楕円		SYMBOL		U+2B2C
記号	⬯	だえん ちょうえん ずけい	縦長楕円		SYMBOL		U+2B2F
記号	⬮	だえん ちょうえん ずけい	縦長黒楕円		SYMBOL		U+2B2E
記号	﹅	ごま けんてん ぼうてん わきてん	圏点	ゴマ	SYMBOL		U+FE45
記号	﹆	しろごま けんてん ぼうてん わきてん	圏点	白ゴマ	SYMBOL		U+FE46
記号	※	こめ * こめじるし きごう ほし	米印		SYMBOL
記号	▓	だーくしぇーど くろぬり しかく	ダークシェード		SYMBOL		U+2593
記号	▢	しかく かどまる	角丸正方形		SYMBOL		U+25A2
記号	▣	しかく いれこ	入れ子正方形		SYMBOL		U+25A3
記号	▤	しかく よこぬり	横塗り正方形		SYMBOL		U+25A4
記号	▥	しかく たてぬり	縦塗り正方形		SYMBOL		U+25A5
記号	▦	しかく じゅうじぬり	十字塗り正方形		SYMBOL		U+25A6
記号	▧	しかく ななめぬり	斜め塗り正方形＼		SYMBOL		U+25A7
記号	▨	しかく ななめぬり	斜め塗り正方形／		SYMBOL		U+25A8
記号	▩	しかく ななめじゅうじぬり	斜め十字塗り正方形		SYMBOL		U+25A9
記号	〒	ゆうびん ゆうびんばんごう きごう	郵便番号		SYMBOL
記号	→	やじるし みぎや -> ー> みぎ	矢印	右	SYMBOL
記号	←	やじるし ひだりや <- <ー ひだり	矢印	左	SYMBOL
記号	↑	やじるし うえや うえ	矢印	上	SYMBOL
記号	↓	やじるし したや した	矢印	下	SYMBOL
記号	☛	みぎへ →	右向き指差し		SYMBOL
記号	☚	ひだりへ ←	左向き指差し		SYMBOL
記号	☞	みぎへ →	右向き指差し		SYMBOL
記号	☜	ひだりへ →	左向き指差し		SYMBOL
記号	☝	うえへ ↑	上向き指差し		SYMBOL
記号	☟	したへ ↓	下向き指差し		SYMBOL
記号	〓	げた きごう	げた記号		OTHER
記号	∈	すうがく しゅうごう けいさん きごう ぞくする ふくむ	属する		SYMBOL
記号	∉	すうがく しゅうごう けいさん きごう ぞくさない ふくまない	属さない		SYMBOL
記号	∋	すうがく しゅうごう けいさん きごう ぞくする ふくむ	元として含む		SYMBOL
記号	∌	すうがく しゅうごう けいさん きごう ぞくさない ふくまない	元として含まない		SYMBOL
記号	⊆	すうがく しゅうごう けいさん きごう	部分集合		SYMBOL
記号	⊇	すうがく しゅうごう けいさん きごう	上位集合		SYMBOL
記号	⊂	すうがく しゅうごう けいさん きごう	真部分集合		SYMBOL
記号	⊃	すうがく しゅうごう けいさん きごう	真上位集合		SYMBOL
記号	∪	すうがく きゃっぷ かっぷ おあ しゅうごう けいさん U きごう わしゅうごう	和集合		SYMBOL
記号	∩	すうがく きゃっぷ かっぷ あんど しゅうごう けいさん きごう せきしゅうごう	積集合		SYMBOL
記号	∧	すうがく かつ および あんど しゅうごう けいさん ^ きごう	および		SYMBOL
記号	∨	すうがく または おあ しゅうごう けいさん V きごう	または		SYMBOL
記号	¬	すうがく のっと ひてい しゅうごう けいさん きごう	否定		SYMBOL
記号	⇒	すうがく やじるし みぎや -> ならば けいさん => きごう →	ならば		SYMBOL
記号	⇔	すうがく やじるし <-> どうち けいさん <=> きごう	同値		SYMBOL
記号	∀	すうがく すべて すべての たーんえー けいさん A きごう たーんA	すべての		SYMBOL
記号	∃	すうがく そんざい けいさん E きごう	存在記号		SYMBOL
記号	∠	すうがく かく けいさん きごう	角		SYMBOL
記号	⊥	すうがく すいちょく けいさん きごう かく	垂直		SYMBOL
記号	⊿	すうがく さんかく さんかくけい とらいあんぐる けいさん でるた ちょっかくさんかく ちょっかくさんかくけい きごう	三角形		SYMBOL
記号	⌒	すうがく こ けいさん きごう	弧		SYMBOL
記号	∂	すうがく けいさん きごう へんびぶん らうんど でる	偏微分		SYMBOL
記号	∇	すうがく なぶら けいさん きごう	ナブラ		SYMBOL
記号	∆	でるた ぞうぶん らぷらしあん	増分 ラプラシアン		SYMBOL
記号	≡	すうがく ごうどう けいさん = きごう	合同		SYMBOL
記号	≒	すうがく やく きんじ いこーる = けいさん きごう とうごう	ほとんど等しい		SYMBOL
記号	≪	ふとうごう しょうなり すうがく けいさん << きごう	非常に小さい		SYMBOL
記号	≫	ふとうごう だいなり すうがく けいさん >> きごう	非常に大きい		SYMBOL
記号	√	るーと へいほうこん すうがく けいさん きごう こんごう sqrt	根号		SYMBOL
記号	∛	さんじょうこん りっぽうこん こんごう cbrt	三乗根号		SYMBOL
記号	∜	よんじょうこん こんごう qdrt	四乗根号		SYMBOL
記号	∽	すうがく そうじ けいさん きごう	相似		SYMBOL
記号	∝	すうがく ひれい けいさん きごう	比例		SYMBOL
記号	∵	すうがく なぜならば けいさん きごう さんかく てん	なぜならば		SYMBOL
記号	∫	すうがく いんてぐらる せきぶん けいさん きごう	積分記号		SYMBOL
記号	∬	すうがく いんてぐらる せきぶん にじゅうせきぶん けいさん きごう	二重積分記号		SYMBOL
記号	⊕	すうがく ちょくわ えっくすおあ けいさん + きごう	直和		SYMBOL
記号	∅	すうがく くうしゅうごう きごう	空集合		SYMBOL		U+2205
記号	ℕ	すうがく しぜんすう きごう	自然数		SYMBOL		U+2115
記号	ℤ	すうがく せいすう きごう	整数		SYMBOL		U+2124
記号	ℚ	すうがく ゆうりすう きごう	有理数		SYMBOL		U+211A
記号	ℝ	すうがく じっすう きごう	実数		SYMBOL		U+211D
記号	ℂ	すうがく ふくそすう きごう	複素数		SYMBOL		U+2102
記号	Å	おんぐすとろーむ たんい A きごう	オングストローム		SYMBOL
記号	‰	ぱーみる たんい きごう	単位		SYMBOL
記号	♯	しゃーぷ おんがく # きごう	シャープ(音楽記号)		SYMBOL
記号	♭	ふらっと おんがく きごう	フラット		SYMBOL
記号	♪	おんぷ おんがく きごう	音符		SYMBOL
記号	♫	おんぷ おんがく きごう	音符		SYMBOL
記号	♬	おんぷ おんがく きごう	音符		SYMBOL
記号	♮	なちゅらる おんがく きごう	ナチュラル		SYMBOL
記号	†	だがー きごう	ダガー
記号	‡	だぶるだがー だがー きごう	ダブルダガー
記号	◯	まる しろまる きごう	大きな丸			should we support?
アルファベット	Α	ぎりしゃ あるふぁ	ギリシャ文字	大文字
アルファベット	Β	ぎりしゃ べーた	ギリシャ文字	大文字
アルファベット	Γ	ぎりしゃ がんま がんまー	ギリシャ文字	大文字
アルファベット	Δ	ぎりしゃ でるた	ギリシャ文字	大文字
アルファベット	Ε	ぎりしゃ いぷしろん	ギリシャ文字	大文字
アルファベット	Ζ	ぎりしゃ ぜーた つぇーた じーた	ギリシャ文字	大文字
アルファベット	Η	ぎりしゃ いーた えーた	ギリシャ文字	大文字
アルファベット	Θ	ぎりしゃ しーた てーた	ギリシャ文字	大文字
アルファベット	Ι	ぎりしゃ いおた	ギリシャ文字	大文字
アルファベット	Κ	ぎりしゃ かっぱ	ギリシャ文字	大文字
アルファベット	Λ	ぎりしゃ らむだ	ギリシャ文字	大文字
アルファベット	Μ	ぎりしゃ みゅー	ギリシャ文字	大文字
アルファベット	Ν	ぎりしゃ にゅー	ギリシャ文字	大文字
アルファベット	Ξ	ぎりしゃ くさい くしい くしー ぐざい	ギリシャ文字	大文字
アルファベット	Ο	ぎりしゃ おみくろん	ギリシャ文字	大文字
アルファベット	Π	ぎりしゃ ぱい	ギリシャ文字	大文字
アルファベット	Ρ	ぎりしゃ ろー	ギリシャ文字	大文字
アルファベット	Σ	ぎりしゃ しぐま	ギリシャ文字	大文字
アルファベット	Τ	ぎりしゃ たう	ギリシャ文字	大文字
アルファベット	Υ	ぎりしゃ ゆぷしろん いぷしろん うぷしろん	ギリシャ文字	大文字
アルファベット	Φ	ぎりしゃ ふぁい	ギリシャ文字	大文字
アルファベット	Χ	ぎりしゃ かい	ギリシャ文字	大文字
アルファベット	Ψ	ぎりしゃ ぷさい ぷしー	ギリシャ文字	大文字
アルファベット	Ω	ぎりしゃ おめが おーむ	ギリシャ文字	大文字
アルファベット	α	ぎりしゃ あるふぁ	ギリシャ文字	小文字
アルファベット	β	ぎりしゃ べーた	ギリシャ文字	小文字
アルファベット	γ	ぎりしゃ がんま がんまー	ギリシャ文字	小文字
アルファベット	δ	ぎりしゃ でるた	ギリシャ文字	小文字
アルファベット	ε	ぎりしゃ いぷしろん	ギリシャ文字	小文字
アルファベット	ζ	ぎりしゃ ぜーた つぇーた じーた	ギリシャ文字	小文字
アルファベット	η	ぎりしゃ いーた えーた	ギリシャ文字	小文字
アルファベット	θ	ぎりしゃ しーた てーた	ギリシャ文字	小文字
アルファベット	ι	ぎりしゃ いおた	ギリシャ文字	小文字
アルファベット	κ	ぎりしゃ かっぱ	ギリシャ文字	小文字
アルファベット	λ	ぎりしゃ らむだ	ギリシャ文字	小文字
アルファベット	μ	ぎりしゃ みゅー まいくろ みくろん	ギリシャ文字	小文字
アルファベット	ν	ぎりしゃ にゅー	ギリシャ文字	小文字
アルファベット	ξ	ぎりしゃ くさい くしい くしー ぐざい	ギリシャ文字	小文字
アルファベット	ο	ぎりしゃ おみくろん	ギリシャ文字	小文字
アルファベット	π	ぎりしゃ ぱい	ギリシャ文字	小文字
アルファベット	ρ	ぎりしゃ ろー	ギリシャ文字	小文字
アルファベット	σ	ぎりしゃ しぐま	ギリシャ文字	小文字
アルファベット	ς 	ぎりしゃ しぐま	ギリシャ文字	小文字			U+03C2
アルファベット	τ	ぎりしゃ たう	ギリシャ文字	小文字
アルファベット	υ	ぎりしゃ ゆぷしろん いぷしろん うぷしろん	ギリシャ文字	小文字
アルファベット	φ	ぎりしゃ ふぁい	ギリシャ文字	小文字
アルファベット	χ	ぎりしゃ かい	ギリシャ文字	小文字
アルファベット	ψ	ぎりしゃ ぷさい ぷしー	ギリシャ文字	小文字
アルファベット	ω	ぎりしゃ おめが おーむ	ギリシャ文字	小文字
アルファベット	А	きりる ろしあ あー	キリル文字	大文字
アルファベット	Б	きりる ろしあ べー	キリル文字	大文字
アルファベット	В	きりる ろしあ ゔぇー	キリル文字	大文字
アルファベット	Г	きりる ろしあ げー	キリル文字	大文字
アルファベット	Д	きりる ろしあ でー	キリル文字	大文字
アルファベット	Е	きりる ろしあ いぇー ぃえー	キリル文字	大文字
アルファベット	Ё	きりる ろしあ よー ぃよー	キリル文字	大文字
アルファベット	Ж	きりる ろしあ じぇー	キリル文字	大文字
アルファベット	З	きりる ろしあ ぜー ぜぇー	キリル文字	大文字
アルファベット	И	きりる ろしあ いー	キリル文字	大文字
アルファベット	Й	きりる ろしあ いー	キリル文字	大文字
アルファベット	К	きりる ろしあ かー	キリル文字	大文字
アルファベット	Л	きりる ろしあ える	キリル文字	大文字
アルファベット	М	きりる ろしあ えむ	キリル文字	大文字
アルファベット	Н	きりる ろしあ えぬ	キリル文字	大文字
アルファベット	О	きりる ろしあ おー	キリル文字	大文字
アルファベット	П	きりる ろしあ ぺー	キリル文字	大文字
アルファベット	Р	きりる ろしあ える	キリル文字	大文字
アルファベット	С	きりる ろしあ えす	キリル文字	大文字
アルファベット	Т	きりる ろしあ てー	キリル文字	大文字
アルファベット	У	きりる ろしあ うー	キリル文字	大文字
アルファベット	Ф	きりる ろしあ えふ ふぃたー	キリル文字	大文字
アルファベット	Х	きりる ろしあ はー	キリル文字	大文字
アルファベット	Ц	きりる ろしあ つぇー	キリル文字	大文字
アルファベット	Ч	きりる ろしあ ちぇー	キリル文字	大文字
アルファベット	Ш	きりる ろしあ しゃー	キリル文字	大文字
アルファベット	Щ	きりる ろしあ しちゃー ししゃー	キリル文字	大文字
アルファベット	Ъ	きりる ろしあ	キリル文字	大文字
アルファベット	Ы	きりる ろしあ うぃ	キリル文字	大文字
アルファベット	Ь	きりる ろしあ	キリル文字	大文字
アルファベット	Э	きりる ろしあ えー	キリル文字	大文字
アルファベット	Ю	きりる ろしあ ゆー	キリル文字	大文字
アルファベット	Я	きりる ろしあ やー	キリル文字	大文字
アルファベット	а	きりる ろしあ あー	キリル文字	小文字
アルファベット	б	きりる ろしあ べー	キリル文字	小文字
アルファベット	в	きりる ろしあ ゔぇー	キリル文字	小文字
アルファベット	г	きりる ろしあ げー	キリル文字	小文字
アルファベット	д	きりる ろしあ でー	キリル文字	小文字
アルファベット	е	きりる ろしあ いぇー ぃえー	キリル文字	小文字
アルファベット	ё	きりる ろしあ よー ぃよー	キリル文字	小文字
アルファベット	ж	きりる ろしあ じぇー	キリル文字	小文字
アルファベット	з	きりる ろしあ ぜー ぜぇー	キリル文字	小文字
アルファベット	и	きりる ろしあ いー	キリル文字	小文字
アルファベット	й	きりる ろしあ いー	キリル文字	小文字
アルファベット	к	きりる ろしあ かー	キリル文字	小文字
アルファベット	л	きりる ろしあ える	キリル文字	小文字
アルファベット	м	きりる ろしあ えむ	キリル文字	小文字
アルファベット	н	きりる ろしあ えぬ	キリル文字	小文字
アルファベット	о	きりる ろしあ おー	キリル文字	小文字
アルファベット	п	きりる ろしあ ぺー	キリル文字	小文字
アルファベット	р	きりる ろしあ える	キリル文字	小文字
アルファベット	с	きりる ろしあ えす	キリル文字	小文字
アルファベット	т	きりる ろしあ てー	キリル文字	小文字
アルファベット	у	きりる ろしあ うー	キリル文字	小文字
アルファベット	ф	きりる ろしあ えふ ふぃたー	キリル文字	小文字
アルファベット	х	きりる ろしあ はー	キリル文字	小文字
アルファベット	ц	きりる ろしあ つぇー	キリル文字	小文字
アルファベット	ч	きりる ろしあ ちぇー	キリル文字	小文字
アルファベット	ш	きりる ろしあ しゃー	キリル文字	小文字
アルファベット	щ	きりる ろしあ しちゃー ししゃー	キリル文字	小文字
アルファベット	ъ	きりる ろしあ	キリル文字	小文字
アルファベット	ы	きりる ろしあ うぃ うい	キリル文字	小文字
アルファベット	ь	きりる ろしあ	キリル文字	小文字
アルファベット	э	きりる ろしあ えー	キリル文字	小文字
アルファベット	ю	きりる ろしあ ゆー	キリル文字	小文字
アルファベット	я	きりる ろしあ やー	キリル文字	小文字
記号	─	けいせん ほそわく よこ	罫線		OTHER
記号	│	けいせん ほそわく たて	罫線		OTHER
記号	┌	けいせん ほそわく ひだりうえ	罫線		OTHER
記号	┐	けいせん ほそわく みぎうえ	罫線		OTHER
記号	┘	けいせん ほそわく みぎした	罫線		OTHER
記号	└	けいせん ほそわく ひだりした	罫線		OTHER
記号	├	けいせん	罫線		OTHER
記号	┬	けいせん ほそわく	罫線		OTHER
記号	┤	けいせん	罫線		OTHER
記号	┴	けいせん ほそわく	罫線		OTHER
記号	┼	けいせん まんなか	罫線		OTHER
記号	━	けいせん ふとわく よこ	罫線		OTHER
記号	┃	けいせん ふとわく たて	罫線		OTHER
記号	┏	けいせん ふとわく ひだりうえ	罫線		OTHER
記号	┓	けいせん ふとわく みぎうえ	罫線		OTHER
記号	┛	けいせん ふとわく みぎした	罫線		OTHER
記号	┗	けいせん ふとわく ひだりした	罫線		OTHER
記号	┣	けいせん	罫線		OTHER
記号	┳	けいせん ふとわく	罫線		OTHER
記号	┫	けいせん	罫線		OTHER
記号	┻	けいせん ふとわく	罫線		OTHER
記号	╋	けいせん まんなか	罫線		OTHER
記号	┠	けいせん	罫線		OTHER
記号	┯	けいせん	罫線		OTHER
記号	┨	けいせん	罫線		OTHER
記号	┷	けいせん	罫線		OTHER
記号	┿	けいせん まんなか	罫線		OTHER
記号	┝	けいせん	罫線		OTHER
記号	┰	けいせん	罫線		OTHER
記号	┥	けいせん	罫線		OTHER
記号	┸	けいせん	罫線		OTHER
記号	╂	けいせん まんなか	罫線		OTHER
記号	№	なんばー no NO	ナンバー		OTHER
記号	℡	でんわ tel TEL	電話		OTHER
記号	☏	でんわ	電話		OTHER
記号	☎	でんわ	電話		OTHER
記号	☖	しょうぎ ごて	将棋		SYMBOL
記号	☗	しょうぎ せんて	将棋		SYMBOL
記号	⛉	しょうぎ	将棋		SYMBOL
記号	⛊	しょうぎ	将棋		SYMBOL
記号	♤	すぺーど	スペード		SYMBOL
記号	♠	すぺーど	スペード		SYMBOL
記号	♡	はーと	ハート		SYMBOL
記号	♥	はーと	ハート		SYMBOL
記号	♢	だいや ひしがた ひし	ダイヤ		SYMBOL
記号	♦	だいや ひしがた ひし	ダイヤ		SYMBOL
記号	♧	くらぶ くろーばー みつば	クラブ		SYMBOL
記号	♣	くらぶ くろーばー みつば	クラブ		SYMBOL
記号	♨	おんせん	温泉記号
記号	☠	どくろ がいこつ どくぶつ	骸骨記号
記号	☡	こーしょん ちゅうい	注意記号
記号	☢	ほうしゃのう	放射能記号
記号	☣	ばいおはざーど	バイオハザード記号
記号	☤	かどぅけうす けりゅけいおん	ケリュケイオン
記号	☥	あんく	アンク
記号	☯	いんよう いんやん	陰陽
記号	☰	はっけ	八卦	乾
記号	☱	はっけ	八卦	兌
記号	☲	はっけ	八卦	離
記号	☳	はっけ	八卦	震
記号	☴	はっけ	八卦	巽
記号	☵	はっけ	八卦	坎
記号	☶	はっけ	八卦	艮
記号	☷	はっけ	八卦	坤
記号	☸	ほうりん	法輪記号
記号	☿	すいせい せんせいじゅつ	水星				U+263F
							#　U+2640 defined at above
記号	♁	ちきゅう せんせいじゅつ	地球				U+2641
							#　U+2642 defined at above
記号	♃	もくせい せんせいじゅつ	木星				U+2643
記号	♄	どせい せんせいじゅつ	土星				U+2644
記号	♅	てんのうせい せんせいじゅつ	天王星				U+2645
記号	♆	かいおうせい せんせいじゅつ	海王星				U+2646
記号	♇	めいおうせい せんせいじゅつ	冥王星				U+2647
記号	♈	せいざ おひつじざ	牡羊座				U+2648
記号	♉	せいざ おうしざ	牡牛座				U+2649
記号	♊	せいざ ふたござ	双子座				U+264A
記号	♋	せいざ かにざ	蟹座				U+264B
記号	♌	せいざ ししざ	獅子座				U+264C
記号	♍	せいざ おとめざ	乙女座				U+264D
記号	♎	せいざ てんびんざ	天秤座				U+264E
記号	♏	せいざ さそりざ	蠍座				U+264F
記号	♐	せいざ いてざ	射手座				U+2650
記号	♑	せいざ やぎざ	山羊座				U+2651
記号	♒	せいざ みずがめざ	水瓶座				U+2652
記号	♓	せいざ うおざ	魚座				U+2653
記号	☹	かおもじ むむ :(	顔文字
記号	☺	えがお かおもじ にこにこ :)	顔文字
記号	☻	えがお かおもじ にこにこ :)	顔文字
記号	☐	ちぇっくぼっくす	チェックボックス		SYMBOL
記号	☑	ちぇっく ちぇっくぼっくす	チェックボックス		SYMBOL
記号	☒	ちぇっく ちぇっくぼっくす ばつ ぺけ	チェックボックス		SYMBOL
記号	☓	ちぇっく ばつ ぺけじ ぺけ ななめじゅうじ	斜め十字			 SALTIRE
記号	✓	ちぇっく きごう	チェックマーク		SYMBOL	CHECK MARK (U+2713)	U+2713
記号	✔	ちぇっく きごう	チェックマーク		SYMBOL	HEAVY CHECK MARK (U+2714)	U+2714
記号	♲	りさいくる	リサイクル記号
記号	♺	りさいくる	リサイクル記号
記号	♻	りさいくる	リサイクル記号
記号	♼	りさいくる	リサイクル記号
記号	♽	りさいくる	リサイクル記号
記号	♿	くるまいす	車椅子記号				メイリオx
記号	⚀	さいころ さいころ1 1	サイコロ	1	OTHER		メイリオx
記号	⚁	さいころ さいころ2 2	サイコロ	2	OTHER		メイリオx
記号	⚂	さいころ さいころ3 3	サイコロ	3	OTHER		メイリオx
記号	⚃	さいころ さいころ4 4	サイコロ	4	OTHER		メイリオx
記号	⚄	さいころ さいころ5 5	サイコロ	5	OTHER		メイリオx
記号	⚅	さいころ さいころ6 6	サイコロ	6	OTHER		メイリオx
記号	⚖	てんびん	天秤				メイリオx
記号	⚙	はぐるま ぎあ	歯車				メイリオx
記号	⚠	ちゅうい けいこく	警告記号				メイリオx
記号	⚰	かんおけ	棺桶記号				メイリオx
記号	🀀	まーじゃん まーじゃんぱい ふぉんぱい ふうぱい とん	麻雀牌	東	SYMBOL
記号	🀁	まーじゃん まーじゃんぱい ふぉんぱい ふうぱい なん	麻雀牌	南	SYMBOL
記号	🀂	まーじゃん まーじゃんぱい ふぉんぱい ふうぱい しゃー	麻雀牌	西	SYMBOL
記号	🀃	まーじゃん まーじゃんぱい ふぉんぱい ふうぱい ぺい ぺー	麻雀牌	北	SYMBOL
記号	🀄︎	まーじゃん まーじゃんぱい さんげんぱい ほんちゅん ふぉんちゅん ほんちゅー ちゅん	麻雀牌	中	SYMBOL
記号	🀅	まーじゃん まーじゃんぱい さんげんぱい りゅうふぁ りゅーふぁ りゅーふぁー はつ	麻雀牌	発	SYMBOL
記号	🀆	まーじゃん まーじゃんぱい さんげんぱい ぱいぱん はく	麻雀牌	白	SYMBOL
記号	🀇	まーじゃん まーじゃんぱい まんず わんず いーまん いーわん	麻雀牌	一萬	SYMBOL
記号	🀈	まーじゃん まーじゃんぱい まんず わんず りゃんまん りゃんわん	麻雀牌	二萬	SYMBOL
記号	🀉	まーじゃん まーじゃんぱい まんず わんず さんまん さんわん	麻雀牌	三萬	SYMBOL
記号	🀊	まーじゃん まーじゃんぱい まんず わんず すーまん すーわん	麻雀牌	四萬	SYMBOL
記号	🀋	まーじゃん まーじゃんぱい まんず わんず うーまん うーわん	麻雀牌	五萬	SYMBOL
記号	🀌	まーじゃん まーじゃんぱい まんず わんず ろーまん ろーわん	麻雀牌	六萬	SYMBOL
記号	🀍	まーじゃん まーじゃんぱい まんず わんず ちーまん ちーわん	麻雀牌	七萬	SYMBOL
記号	🀎	まーじゃん まーじゃんぱい まんず わんず ぱーまん ぱーわん	麻雀牌	八萬	SYMBOL
記号	🀏	まーじゃん まーじゃんぱい まんず わんず きゅーまん きゅーわん きゅうまん きゅうわん ちゅーまん ちゅーわん	麻雀牌	九萬	SYMBOL
記号	🀐	まーじゃん まーじゃんぱい そーず いーそー	麻雀牌	一索	SYMBOL
記号	🀑	まーじゃん まーじゃんぱい そーず りゃんそー	麻雀牌	二索	SYMBOL
記号	🀒	まーじゃん まーじゃんぱい そーず さんそー	麻雀牌	三索	SYMBOL
記号	🀓	まーじゃん まーじゃんぱい そーず すーそー	麻雀牌	四索	SYMBOL
記号	🀔	まーじゃん まーじゃんぱい そーず うーそー	麻雀牌	五索	SYMBOL
記号	🀕	まーじゃん まーじゃんぱい そーず ろーそー	麻雀牌	六索	SYMBOL
記号	🀖	まーじゃん まーじゃんぱい そーず ちーそー	麻雀牌	七索	SYMBOL
記号	🀗	まーじゃん まーじゃんぱい そーず ぱーそー	麻雀牌	八索	SYMBOL
記号	🀘	まーじゃん まーじゃんぱい そーず きゅーそー きゅうそー ちゅーそー	麻雀牌	九索	SYMBOL
記号	🀙	まーじゃん まーじゃんぱい ぴんず いーぴん	麻雀牌	一筒	SYMBOL
記号	🀚	まーじゃん まーじゃんぱい ぴんず りゃんぴん	麻雀牌	二筒	SYMBOL
記号	🀛	まーじゃん まーじゃんぱい ぴんず さんぴん	麻雀牌	三筒	SYMBOL
記号	🀜	まーじゃん まーじゃんぱい ぴんず すーぴん	麻雀牌	四筒	SYMBOL
記号	🀝	まーじゃん まーじゃんぱい ぴんず うーぴん	麻雀牌	五筒	SYMBOL
記号	🀞	まーじゃん まーじゃんぱい ぴんず ろーぴん	麻雀牌	六筒	SYMBOL
記号	🀟	まーじゃん まーじゃんぱい ぴんず ちーぴん	麻雀牌	七筒	SYMBOL
記号	🀠	まーじゃん まーじゃんぱい ぴんず ぱーぴん	麻雀牌	八筒	SYMBOL
記号	🀡	まーじゃん まーじゃんぱい ぴんず きゅーぴん きゅうぴん ちゅーぴん	麻雀牌	九筒	SYMBOL
記号	🀢	まーじゃん まーじゃんぱい うめ	麻雀牌	梅	SYMBOL
記号	🀣	まーじゃん まーじゃんぱい らん	麻雀牌	蘭	SYMBOL
記号	🀤	まーじゃん まーじゃんぱい たけ	麻雀牌	竹	SYMBOL
記号	🀥	まーじゃん まーじゃんぱい きく	麻雀牌	菊	SYMBOL
記号	🀦	まーじゃん まーじゃんぱい はる	麻雀牌	春	SYMBOL
記号	🀧	まーじゃん まーじゃんぱい なつ	麻雀牌	夏	SYMBOL
記号	🀨	まーじゃん まーじゃんぱい あき	麻雀牌	秋	SYMBOL
記号	🀩	まーじゃん まーじゃんぱい ふゆ	麻雀牌	冬	SYMBOL
記号	🀪	まーじゃん まーじゃんぱい ぱいたー じょーかー	麻雀牌	百搭	SYMBOL
記号	🀫	まーじゃん まーじゃんぱい まーじゃんうら	麻雀牌	裏面	SYMBOL
記号	🂠	とらんぷ とらんぷうら	トランプ	裏面	SYMBOL
記号	🂡	とらんぷ すぺーどA すぺーど1 すぺーどえーす	トランプ	スペードA	SYMBOL
記号	🂢	とらんぷ すぺーど2	トランプ	スペード2	SYMBOL
記号	🂣	とらんぷ すぺーど3	トランプ	スペード3	SYMBOL
記号	🂤	とらんぷ すぺーど4	トランプ	スペード4	SYMBOL
記号	🂥	とらんぷ すぺーど5	トランプ	スペード5	SYMBOL
記号	🂦	とらんぷ すぺーど6	トランプ	スペード6	SYMBOL
記号	🂧	とらんぷ すぺーど7	トランプ	スペード7	SYMBOL
記号	🂨	とらんぷ すぺーど8	トランプ	スペード8	SYMBOL
記号	🂩	とらんぷ すぺーど9	トランプ	スペード9	SYMBOL
記号	🂪	とらんぷ すぺーど10	トランプ	スペード10	SYMBOL
記号	🂫	とらんぷ すぺーどJ すぺーど11 すぺーどじゃっく	トランプ	スペードJ	SYMBOL
記号	🂬	すぺーどC すぺーどないと かばろ すぺーどかばろ 	トランプ	スペードC	SYMBOL	ゲーム用タロットのカバロ
記号	🂭	とらんぷ すぺーどQ すぺーど12 すぺーどくいーん	トランプ	スペードQ	SYMBOL
記号	🂮	とらんぷ すぺーどK すぺーど13 すぺーどきんぐ	トランプ	スペードK	SYMBOL
記号	🂱	とらんぷ はーとA はーと1 はーとえーす	トランプ	ハートA	SYMBOL
記号	🂲	とらんぷ はーと2	トランプ	ハート2	SYMBOL
記号	🂳	とらんぷ はーと3	トランプ	ハート3	SYMBOL
記号	🂴	とらんぷ はーと4	トランプ	ハート4	SYMBOL
記号	🂵	とらんぷ はーと5	トランプ	ハート5	SYMBOL
記号	🂶	とらんぷ はーと6	トランプ	ハート6	SYMBOL
記号	🂷	とらんぷ はーと7	トランプ	ハート7	SYMBOL
記号	🂸	とらんぷ はーと8	トランプ	ハート8	SYMBOL
記号	🂹	とらんぷ はーと9	トランプ	ハート9	SYMBOL
記号	🂺	とらんぷ はーと10	トランプ	ハート10	SYMBOL
記号	🂻	とらんぷ はーとJ はーと11 はーとじゃっく	トランプ	ハートJ	SYMBOL
記号	🂼	はーとC はーとないと かばろ はーとかばろ	トランプ	ハートC	SYMBOL
記号	🂽	とらんぷ はーとQ はーと12 はーとくいーん	トランプ	ハートQ	SYMBOL
記号	🂾	とらんぷ はーとK はーと13 はーときんぐ	トランプ	ハートK	SYMBOL
記号	🃁	とらんぷ だいやA だいや1 だいやえーす	トランプ	ダイヤA	SYMBOL
記号	🃂	とらんぷ だいや2	トランプ	ダイヤ2	SYMBOL
記号	🃃	とらんぷ だいや3	トランプ	ダイヤ3	SYMBOL
記号	🃄	とらんぷ だいや4	トランプ	ダイヤ4	SYMBOL
記号	🃅	とらんぷ だいや5	トランプ	ダイヤ5	SYMBOL
記号	🃆	とらんぷ だいや6	トランプ	ダイヤ6	SYMBOL
記号	🃇	とらんぷ だいや7	トランプ	ダイヤ7	SYMBOL
記号	🃈	とらんぷ だいや8	トランプ	ダイヤ8	SYMBOL
記号	🃉	とらんぷ だいや9	トランプ	ダイヤ9	SYMBOL
記号	🃊	とらんぷ だいや10	トランプ	ダイヤ10	SYMBOL
記号	🃋	とらんぷ だいやJ だいや11 だいやじゃっく	トランプ	ダイヤJ	SYMBOL
記号	🃌	だいやC だいやないと かばろ はーとかばろ	トランプ	ダイヤC	SYMBOL
記号	🃍	とらんぷ だいやQ だいや12 だいやくいーん	トランプ	ダイヤQ	SYMBOL
記号	🃎	とらんぷ だいやK だいや13 だいやきんぐ	トランプ	ダイヤK	SYMBOL
記号	🃑	とらんぷ くらぶA くらぶ1 くらぶえーす	トランプ	クラブA	SYMBOL
記号	🃒	とらんぷ くらぶ2	トランプ	クラブ2	SYMBOL
記号	🃓	とらんぷ くらぶ3	トランプ	クラブ3	SYMBOL
記号	🃔	とらんぷ くらぶ4	トランプ	クラブ4	SYMBOL
記号	🃕	とらんぷ くらぶ5	トランプ	クラブ5	SYMBOL
記号	🃖	とらんぷ くらぶ6	トランプ	クラブ6	SYMBOL
記号	🃗	とらんぷ くらぶ7	トランプ	クラブ7	SYMBOL
記号	🃘	とらんぷ くらぶ8	トランプ	クラブ8	SYMBOL
記号	🃙	とらんぷ くらぶ9	トランプ	クラブ9	SYMBOL
記号	🃚	とらんぷ くらぶ10	トランプ	クラブ10	SYMBOL
記号	🃛	とらんぷ くらぶJ くらぶ11 くらぶじゃっく	トランプ	クラブJ	SYMBOL
記号	🃜	くらぶC くらぶないと かばろ くらぶかばろ	トランプ	クラブC	SYMBOL
記号	🃝	とらんぷ くらぶQ くらぶ12 くらぶくいーん	トランプ	クラブQ	SYMBOL
記号	🃞	とらんぷ くらぶK くらぶ13 くらぶきんぐ	トランプ	クラブK	SYMBOL
数	Ⅰ	きごう ろーま	ローマ数字	大文字	SYMBOL	number rewriter
数	Ⅱ	きごう ろーま	ローマ数字	大文字	SYMBOL	number rewriter
数	Ⅲ	きごう ろーま	ローマ数字	大文字	SYMBOL	number rewriter
数	Ⅳ	きごう ろーま	ローマ数字	大文字	SYMBOL	number rewriter
数	Ⅴ	きごう ろーま	ローマ数字	大文字	SYMBOL	number rewriter
数	Ⅵ	きごう ろーま	ローマ数字	大文字	SYMBOL	number rewriter
数	Ⅶ	きごう ろーま	ローマ数字	大文字	SYMBOL	number rewriter
数	Ⅷ	きごう ろーま	ローマ数字	大文字	SYMBOL	number rewriter
数	Ⅸ	きごう ろーま	ローマ数字	大文字	SYMBOL	number rewriter
数	Ⅹ	きごう ろーま	ローマ数字	大文字	SYMBOL	number rewriter
数	ⅰ	きごう ろーま	ローマ数字	小文字	SYMBOL	number rewriter
数	ⅱ	きごう ろーま	ローマ数字	小文字	SYMBOL	number rewriter
数	ⅲ	きごう ろーま	ローマ数字	小文字	SYMBOL	number rewriter
数	ⅳ	きごう ろーま	ローマ数字	小文字	SYMBOL	number rewriter
数	ⅴ	きごう ろーま	ローマ数字	小文字	SYMBOL	number rewriter
数	ⅵ	きごう ろーま	ローマ数字	小文字	SYMBOL	number rewriter
数	ⅶ	きごう ろーま	ローマ数字	小文字	SYMBOL	number rewriter
数	ⅷ	きごう ろーま	ローマ数字	小文字	SYMBOL	number rewriter
数	ⅸ	きごう ろーま	ローマ数字	小文字	SYMBOL	number rewriter
数	ⅹ	きごう ろーま	ローマ数字	小文字	SYMBOL	number rewriter
記号	∑	すうがく しぐま そうわ けいさん	総和記号		SYMBOL	N-Ary Summation	U+2211
記号	∟	すうがく ちょっかく	直角		SYMBOL
記号	∮	すうがく いんてぐらる せきぶん へいろせきぶん けいさん ふぁい けいろせきぶん しゅうかいせきぶん	閉路積分記号		SYMBOL
記号	ℵ	あれふ			SYMBOL		U+2135
数	①	きごう まる1 まるいち	丸数字		SYMBOL	number rewriter
数	②	きごう まる2 まるに	丸数字		SYMBOL	number rewriter
数	③	きごう まる3 まるさん	丸数字		SYMBOL	number rewriter
数	④	きごう まる4 まるよん まるし	丸数字		SYMBOL	number rewriter
数	⑤	きごう まる5 まるご	丸数字		SYMBOL	number rewriter
数	⑥	きごう まる6 まるろく	丸数字		SYMBOL	number rewriter
数	⑦	きごう まる7 まるなな まるしち	丸数字		SYMBOL	number rewriter
数	⑧	きごう まる8 まるはち	丸数字		SYMBOL	number rewriter
数	⑨	きごう まる9 まるきゅう まるく	丸数字		SYMBOL	number rewriter
数	⑩	きごう まる10 まるじゅう	丸数字		SYMBOL	number rewriter
数	⑪	きごう まる11 まるじゅういち	丸数字		SYMBOL	number rewriter
数	⑫	きごう まる12 まるじゅうに	丸数字		SYMBOL	number rewriter
数	⑬	きごう まる13 まるじゅうさん	丸数字		SYMBOL	number rewriter
数	⑭	きごう まる14 まるじゅうし まるじゅうよん	丸数字		SYMBOL	number rewriter
数	⑮	きごう まる15 まるじゅうご	丸数字		SYMBOL	number rewriter
数	⑯	きごう まる16 まるじゅうろく	丸数字		SYMBOL	number rewriter
数	⑰	きごう まる17 まるじゅうなな まるじゅうしち	丸数字		SYMBOL	number rewriter
数	⑱	きごう まる18 まるじゅうはち	丸数字		SYMBOL	number rewriter
数	⑲	きごう まる19 まるじゅうきゅう まるじゅうく	丸数字		SYMBOL	number rewriter
数	⑳	きごう まる20 まるにじゅう	丸数字		SYMBOL	number rewriter
数	㉑	きごう まる21 まるにじゅういち	丸数字		SYMBOL	number rewriter
数	㉒	きごう まる22 まるにじゅうに	丸数字		SYMBOL	number rewriter
数	㉓	きごう まる23 まるにじゅうさん	丸数字		SYMBOL	number rewriter
数	㉔	きごう まる24 まるにじゅうよん まるにじゅうし	丸数字		SYMBOL	number rewriter
数	㉕	きごう まる25 まるにじゅうご	丸数字		SYMBOL	number rewriter
数	㉖	きごう まる26 まるにじゅうろく	丸数字		SYMBOL	number rewriter
数	㉗	きごう まる27 まるにじゅうなな まるにじゅうしち	丸数字		SYMBOL	number rewriter
数	㉘	きごう まる28 まるにじゅうはち	丸数字		SYMBOL	number rewriter
数	㉙	きごう まる29 まるにじゅうきゅう まるにじゅうく	丸数字		SYMBOL	number rewriter
数	㉚	きごう まる30 まるさんじゅう	丸数字		SYMBOL	number rewriter
数	㉛	きごう まる31 まるさんじゅういち	丸数字		SYMBOL	number rewriter
数	㉜	きごう まる32 まるさんじゅうに	丸数字		SYMBOL	number rewriter
数	㉝	きごう まる33 まるさんじゅうさん	丸数字		SYMBOL	number rewriter
数	㉞	きごう まる34 まるさんじゅうし まるさんじゅうよん	丸数字		SYMBOL	number rewriter
数	㉟	きごう まる35 まるさんじゅうご	丸数字		SYMBOL	number rewriter
数	㊱	きごう まる36 まるさんじゅうろく	丸数字		SYMBOL	number rewriter
数	㊲	きごう まる37 まるさんじゅうなな まるさんじゅうしち	丸数字		SYMBOL	number rewriter
数	㊳	きごう まる38 まるさんじゅうはち	丸数字		SYMBOL	number rewriter
数	㊴	きごう まる39 まるさんじゅうきゅう まるさんじゅうく	丸数字		SYMBOL	number rewriter
数	㊵	きごう まる40 まるよんじゅう	丸数字		SYMBOL	number rewriter
数	㊶	きごう まる41 まるよんじゅういち	丸数字		SYMBOL	number rewriter
数	㊷	きごう まる42 まるよんじゅうに	丸数字		SYMBOL	number rewriter
数	㊸	きごう まる43 まるよんじゅうさん	丸数字		SYMBOL	number rewriter
数	㊹	きごう まる44 まるよんじゅうし まるよんじゅうよん	丸数字		SYMBOL	number rewriter
数	㊺	きごう まる45 まるよんじゅうご	丸数字		SYMBOL	number rewriter
数	㊻	きごう まる46 まるよんじゅうろく	丸数字		SYMBOL	number rewriter
数	㊼	きごう まる47 まるよんじゅうなな まるよんじゅうしち	丸数字		SYMBOL	number rewriter
数	㊽	きごう まる48 まるよんじゅうはち	丸数字		SYMBOL	number rewriter
数	㊾	きごう まる49 まるよんじゅうきゅう まるよんじゅうく	丸数字		SYMBOL	number rewriter
数	㊿	きごう まる50 まるごじゅう	丸数字		SYMBOL	number rewriter
数	㈠	かっこ1 かっこいち	括弧漢数字		SYMBOL
数	㈡	かっこ2 かっこに	括弧漢数字		SYMBOL
数	㈢	かっこ3 かっこさん	括弧漢数字		SYMBOL
数	㈣	かっこ4 かっこよん	括弧漢数字		SYMBOL
数	㈤	かっこ5 かっこご	括弧漢数字		SYMBOL
数	㈥	かっこ6 かっころく	括弧漢数字		SYMBOL
数	㈦	かっこ7 かっこなな かっこしち	括弧漢数字		SYMBOL
数	㈧	かっこ8 かっこはち	括弧漢数字		SYMBOL
数	㈨	かっこ9 かっこきゅう	括弧漢数字		SYMBOL
数	㈩	かっこ10 かっこじゅう	括弧漢数字		SYMBOL
記号	㈱	かぶ かぶしきがいしゃ かぶしき	株式会社
記号	㈲	ゆう ゆうげんがいしゃ ゆうげん	有限会社
記号	㈹	だい だいひょう	代表
記号	©	ちょさくけん こぴーらいと C まるしー (c) (C) まるc まるC	コピーライト
記号	®	とうろくしょうひょう とれーどまーく R まるあーる (r) (R) まるr まるR	登録商標
記号	™	しょうひょう とれーどまーく TM	トレードマーク
記号	㊤	うえ じょう	丸上
記号	㊥	なか ちゅう	丸中
記号	㊦	した げ	丸下
記号	㊧	ひだり	丸左
記号	㊨	みぎ	丸右
記号	㋿	れいわ ねんごう	年号		OTHER
記号	㍻	へいせい ねんごう	年号		OTHER
記号	㍼	しょうわ ねんごう	年号		OTHER
記号	㍽	たいしょう ねんごう	年号		OTHER
記号	㍾	めいじ ねんごう	年号		OTHER
記号	㎎	みりぐらむ たんい mg MG	単位		OTHER
記号	㎏	きろぐらむ たんい kg KG	単位		OTHER
記号	㎜	みりめーとる たんい mm MM	単位		OTHER
記号	㎝	せんちめーとる たんい cm CM	単位		OTHER
記号	㎞	きろめーとる たんい km KM	単位		OTHER
記号	㎡	へいほうめーとる たんい へいべい mm MM	単位		OTHER
記号	㎥	りっぽうめーとる たんい りゅうべい りゅーべー りゅーべ	単位		OTHER
記号	㏄	しーしー たんい cc	単位		OTHER
記号	㏍	かぶしきがいしゃ kk			OTHER
記号	＂	さん せん
記号	＇	’
記号	￤	たて たてぼう |	縦線			U+FFE4 FULLWIDTH BROKEN BAR
記号	ゐ	い うぃ
記号	ゑ	え うぇ
記号	ヰ	い うぃ
記号	ヱ	え うぇ
記号	ぁ	あ すてがな こがきもじ	捨て仮名 小書き文字
記号	ぃ	い すてがな こがきもじ	捨て仮名 小書き文字
記号	ぅ	う すてがな こがきもじ	捨て仮名 小書き文字
記号	ぇ	え すてがな こがきもじ	捨て仮名 小書き文字
記号	ぉ	お すてがな こがきもじ	捨て仮名 小書き文字
記号	っ	つ すてがな こがきもじ	捨て仮名 小書き文字
記号	ゃ	や すてがな こがきもじ	捨て仮名 小書き文字
記号	ゅ	ゆ すてがな こがきもじ	捨て仮名 小書き文字
記号	ょ	よ すてがな こがきもじ	捨て仮名 小書き文字
記号	ゎ	わ すてがな こがきもじ	捨て仮名 小書き文字
記号	ゟ	より ごうじ	合字				U+309F
記号	ァ	あ すてがな こがきもじ	捨て仮名 小書き文字
記号	ィ	い すてがな こがきもじ	捨て仮名 小書き文字
記号	ゥ	う すてがな こがきもじ	捨て仮名 小書き文字
記号	ェ	え すてがな こがきもじ	捨て仮名 小書き文字
記号	ォ	お すてがな こがきもじ	捨て仮名 小書き文字
記号	ヵ	か すてがな こがきもじ	捨て仮名 小書き文字
記号	ヶ	け すてがな こがきもじ	捨て仮名 小書き文字
記号	ッ	つ すてがな こがきもじ	捨て仮名 小書き文字
記号	ャ	や すてがな こがきもじ	捨て仮名 小書き文字
記号	ュ	ゆ すてがな こがきもじ	捨て仮名 小書き文字
記号	ョ	よ すてがな こがきもじ	捨て仮名 小書き文字
記号	ヮ	わ すてがな こがきもじ	捨て仮名 小書き文字
アルファベット	Ａ	えー えい	英数字	大文字
アルファベット	Ｂ	びー びぃ びい	英数字	大文字
アルファベット	Ｃ	しー	英数字	大文字
アルファベット	Ｄ	でぃー でー	英数字	大文字
アルファベット	Ｅ	いー	英数字	大文字
アルファベット	Ｆ	えふ	英数字	大文字
アルファベット	Ｇ	じー	英数字	大文字
アルファベット	Ｈ	えいち えっち	英数字	大文字
アルファベット	Ｉ	あい	英数字	大文字
アルファベット	Ｊ	じぇい じぇー	英数字	大文字
アルファベット	Ｋ	けい けー	英数字	大文字
アルファベット	Ｌ	える	英数字	大文字
アルファベット	Ｍ	えむ	英数字	大文字
アルファベット	Ｎ	えぬ	英数字	大文字
アルファベット	Ｏ	おー	英数字	大文字
アルファベット	Ｐ	ぴー	英数字	大文字
アルファベット	Ｑ	きゅー きゅう	英数字	大文字
アルファベット	Ｒ	あーる	英数字	大文字
アルファベット	Ｓ	えす	英数字	大文字
アルファベット	Ｔ	てぃ てぃー てー	英数字	大文字
アルファベット	Ｕ	ゆー	英数字	大文字
アルファベット	Ｖ	ゔぃ ぶい ぶぃ	英数字	大文字
アルファベット	Ｗ	だぶりゅー だぶる だぶるー	英数字	大文字
アルファベット	Ｘ	えっくす	英数字	大文字
アルファベット	Ｙ	わい	英数字	大文字
アルファベット	Ｚ	ぜっと	英数字	大文字
アルファベット	ａ	えー えい	英数字	小文字
アルファベット	ｂ	びー びぃ びい	英数字	小文字
アルファベット	ｃ	しー	英数字	小文字
アルファベット	ｄ	でぃー でー	英数字	小文字
アルファベット	ｅ	いー	英数字	小文字
アルファベット	ｆ	えふ	英数字	小文字
アルファベット	ｇ	じー	英数字	小文字
アルファベット	ｈ	えいち えっち	英数字	小文字
アルファベット	ｉ	あい	英数字	小文字
アルファベット	ｊ	じぇい じぇー	英数字	小文字
アルファベット	ｋ	けい けー	英数字	小文字
アルファベット	ｌ	える	英数字	小文字
アルファベット	ｍ	えむ	英数字	小文字
アルファベット	ｎ	えぬ	英数字	小文字
アルファベット	ｏ	おー	英数字	小文字
アルファベット	ｐ	ぴー	英数字	小文字
アルファベット	ｑ	きゅー きゅう	英数字	小文字
アルファベット	ｒ	あーる	英数字	小文字
アルファベット	ｓ	えす	英数字	小文字
アルファベット	ｔ	てぃ てぃー てー	英数字	小文字
アルファベット	ｕ	ゆー	英数字	小文字
アルファベット	ｖ	ゔぃ ぶい ぶぃ	英数字	小文字
アルファベット	ｗ	だぶりゅー だぶる だぶるー	英数字	小文字
アルファベット	ｘ	えっくす	英数字	小文字
アルファベット	ｙ	わい	英数字	小文字
アルファベット	ｚ	ぜっと	英数字	小文字
記号	☀	てんき はれ たいよう	天気	太陽	OTHER
記号	☼	てんき はれ たいよう	天気	太陽	OTHER
記号	☁	てんき くもり くも	天気	雲	OTHER
記号	☂	てんき あめ かさ	天気	傘	OTHER
記号	☔	てんき あめ かさ	天気	傘	OTHER		メイリオx
記号	☃	てんき ゆき ゆきだるま	天気	雪だるま	OTHER
記号	☄	ながれぼし こめっと	流れ星		OTHER
記号	☇	かみなり	天気	雷	OTHER
記号	☈	らいう	天気	雷雨	OTHER
記号	☽	みかづき	右三日月		OTHER		U+263D
記号	☾	みかづき	左三日月		OTHER		U+263E
記号	☘	くろーばー	クローバー		OTHER		メイリオx
記号	☕	こーひー こうちゃ てぃーかっぷ	ティーカップ		OTHER		メイリオx
記号	♔	ちぇす きんぐ	チェス	キング	OTHER
記号	♕	ちぇす くいーん くぃーん	チェス	クイーン	OTHER
記号	♖	ちぇす るーく	チェス	ルーク	OTHER
記号	♗	ちぇす びしょっぷ	チェス	ビショップ	OTHER
記号	♘	ちぇす ないと	チェス	ナイト	OTHER
記号	♙	ちぇす ぽーん	チェス	ポーン	OTHER
記号	♚	ちぇす きんぐ	チェス	キング	OTHER
記号	♛	ちぇす くいーん くぃーん	チェス	クイーン	OTHER
記号	♜	ちぇす るーく	チェス	ルーク	OTHER
記号	♝	ちぇす びしょっぷ	チェス	ビショップ	OTHER
記号	♞	ちぇす ないと	チェス	ナイト	OTHER
記号	♟	ちぇす ぽーん	チェス	ポーン	OTHER
記号	⌘	こまんど こまんどきー	コマンドキー	キー	OTHER
記号	⌥	おぷしょん おぷしょんきー	オプションキー	キー	OTHER
記号	⌫	ばっくすぺーす ばっくすぺーすきー	バックスペースキー	キー	OTHER
記号	⌚	うでどけい とけい	時計記号		OTHER
アルファベット	Á	a A あきゅーと	アキュート付き文字
アルファベット	É	e E あきゅーと	アキュート付き文字
アルファベット	Í	i I あきゅーと	アキュート付き文字
アルファベット	Ó	o O あきゅーと	アキュート付き文字
アルファベット	Ú	u U あきゅーと	アキュート付き文字
アルファベット	á	a A あきゅーと	アキュート付き文字
アルファベット	é	e E あきゅーと	アキュート付き文字
アルファベット	í	i I あきゅーと	アキュート付き文字
アルファベット	ó	o O あきゅーと	アキュート付き文字
アルファベット	ú	u U あきゅーと	アキュート付き文字
アルファベット	Ä	a A うむらうと とれま	ウムラウト／トレマ付き文字
アルファベット	Ö	o O うむらうと とれま	ウムラウト／トレマ付き文字
アルファベット	Ü	u U うむらうと とれま	ウムラウト／トレマ付き文字
アルファベット	ä	a A うむらうと とれま	ウムラウト／トレマ付き文字
アルファベット	ö	o O うむらうと とれま	ウムラウト／トレマ付き文字
アルファベット	ü	u U うむらうと とれま	ウムラウト／トレマ付き文字
アルファベット	À	a A ぐらーぶ	グラーブ付き文字
アルファベット	È	e E ぐらーぶ	グラーブ付き文字
アルファベット	Ì	i I ぐらーぶ	グラーブ付き文字
アルファベット	Ò	o O ぐらーぶ	グラーブ付き文字
アルファベット	Ù	u U ぐらーぶ	グラーブ付き文字
アルファベット	à	a A ぐらーぶ	グラーブ付き文字
アルファベット	è	e E ぐらーぶ	グラーブ付き文字
アルファベット	ì	i I ぐらーぶ	グラーブ付き文字
アルファベット	ò	o O ぐらーぶ	グラーブ付き文字
アルファベット	ù	u U ぐらーぶ	グラーブ付き文字
アルファベット	Â	a A さーかむふれっくす はっと	サーカムフレックス(ハット)付き文字
アルファベット	Ê	e E さーかむふれっくす はっと	サーカムフレックス(ハット)付き文字
アルファベット	Î	i I さーかむふれっくす はっと	サーカムフレックス(ハット)付き文字
アルファベット	Ô	o O さーかむふれっくす はっと	サーカムフレックス(ハット)付き文字
アルファベット	Û	u U さーかむふれっくす はっと	サーカムフレックス(ハット)付き文字
アルファベット	â	a A さーかむふれっくす はっと	サーカムフレックス(ハット)付き文字
アルファベット	ê	e E さーかむふれっくす はっと	サーカムフレックス(ハット)付き文字
アルファベット	î	i I さーかむふれっくす はっと	サーカムフレックス(ハット)付き文字
アルファベット	ô	o O さーかむふれっくす はっと	サーカムフレックス(ハット)付き文字
アルファベット	û	u U さーかむふれっくす はっと	サーカムフレックス(ハット)付き文字
アルファベット	Ø	o O すらっしゅ	スラッシュ付き文字
アルファベット	ø	o O すらっしゅ	スラッシュ付き文字
アルファベット	Ç	c C せでぃーゆ	セディーユ付き文字
アルファベット	ç	c C せでぃーゆ	セディーユ付き文字
アルファベット	Ő	o O だぶるあきゅーと	ダブルアキュート付き文字
アルファベット	Ű	u U だぶるあきゅーと	ダブルアキュート付き文字
アルファベット	ő	o O だぶるあきゅーと	ダブルアキュート付き文字
アルファベット	ű	u U だぶるあきゅーと	ダブルアキュート付き文字
アルファベット	Ã	a A ちるだ	チルダ付き文字
アルファベット	Ñ	n N ちるだ	チルダ付き文字
アルファベット	Õ	o O ちるだ	チルダ付き文字
アルファベット	ã	a A ちるだ	チルダ付き文字
アルファベット	ñ	n N ちるだ	チルダ付き文字
アルファベット	õ	o O ちるだ	チルダ付き文字
アルファベット	Ë	e E うむらうと とれま	トレマ付き文字
アルファベット	Ï	i I うむらうと とれま	トレマ付き文字
アルファベット	ë	e E うむらうと とれま	トレマ付き文字
アルファベット	ï	i I うむらうと とれま	トレマ付き文字
アルファベット	ÿ	y Y うむらうと とれま	トレマ付き文字
アルファベット	Ơ	o O ほーん	ホーン付き文字
アルファベット	Ư	u U ほーん	ホーン付き文字
アルファベット	Ớ	o O ほーん	ホーン付き文字
アルファベット	Ờ	o O ほーん	ホーン付き文字
アルファベット	Ở	o O ほーん	ホーン付き文字
アルファベット	Ỡ	o O ほーん	ホーン付き文字
アルファベット	Ợ	o O ほーん	ホーン付き文字
アルファベット	Ứ	u U ほーん	ホーン付き文字
アルファベット	Ừ	u U ほーん	ホーン付き文字
アルファベット	Ử	u U ほーん	ホーン付き文字
アルファベット	Ữ	u U ほーん	ホーン付き文字
アルファベット	Ự	u U ほーん	ホーン付き文字
アルファベット	ơ	o O ほーん	ホーン付き文字
アルファベット	ư	u U ほーん	ホーン付き文字
アルファベット	ớ	o O ほーん	ホーン付き文字
アルファベット	ờ	o O ほーん	ホーン付き文字
アルファベット	ở	o O ほーん	ホーン付き文字
アルファベット	ỡ	o O ほーん	ホーン付き文字
アルファベット	ợ	o O ほーん	ホーン付き文字
アルファベット	ứ	u U ほーん	ホーン付き文字
アルファベット	ừ	u U ほーん	ホーン付き文字
アルファベット	ử	u U ほーん	ホーン付き文字
アルファベット	ữ	u U ほーん	ホーン付き文字
アルファベット	ự	u U ほーん	ホーン付き文字
アルファベット	Ā	a A まくろん	マクロン付き文字
アルファベット	Ǟ	a A まくろん	マクロン付き文字
アルファベット	Ǣ	a A ae AE まくろん	マクロン付き文字
アルファベット	Ē	e E まくろん	マクロン付き文字
アルファベット	Ḡ	g G まくろん	マクロン付き文字
アルファベット	Ī	i I まくろん	マクロン付き文字
アルファベット	Ō	o O まくろん	マクロン付き文字
アルファベット	Ȫ	o O まくろん	マクロン付き文字
アルファベット	Ū	u U まくろん	マクロン付き文字
アルファベット	Ǖ	u U まくろん	マクロン付き文字
アルファベット	Ȳ	y Y まくろん	マクロン付き文字
アルファベット	ā	a A まくろん	マクロン付き文字
アルファベット	ǟ	a A まくろん	マクロン付き文字
アルファベット	ǣ	a A ae AE まくろん	マクロン付き文字
アルファベット	ē	e E まくろん	マクロン付き文字
アルファベット	ḡ	g G まくろん	マクロン付き文字
アルファベット	ī	i I まくろん	マクロン付き文字
アルファベット	ō	o O まくろん	マクロン付き文字
アルファベット	ȫ	o O まくろん	マクロン付き文字
アルファベット	ū	u U まくろん	マクロン付き文字
アルファベット	ǖ	u U まくろん	マクロン付き文字
アルファベット	ȳ	y Y まくろん	マクロン付き文字
アルファベット	Å	a A りんぐ	リング付き文字
アルファベット	å	a A りんぐ	リング付き文字
アルファベット	Æ	a A ae AE にじゅうぼいん ごうじ あっしゅ	二重母音 合字
アルファベット	æ	a A ae AE にじゅうぼいん ごうじ あっしゅ はつおんきごう	発音記号 二重母音 合字
アルファベット	ß	s S ss SS ごうじ えすつぇっと	エスツェット 合字
アルファベット	ẞ	s S ss SS ごうじ えすつぇっと	エスツェット大文字 合字
アルファベット	ɑ	a A はつおんきごう えー えい ぶろーどえー ぶろーどえい ぶろーどa ぶろーどA ぶろーどあ	発音記号
アルファベット	ɒ	a A はつおんきごう	発音記号
アルファベット	ʌ	はつおんきごう いんばーてっどぶい いんばーてぃっどぶい いんゔぁーてぃっどゔぃー いんゔぁーてっどゔぃー うぇっじ v u V U  	発音記号
アルファベット	ə	はつおんきごう あいまいぼいん しゅわー しゅわ e E	発音記号
アルファベット	ɚ	はつおんきごう あいまいぼいん ふっくとしゅわー ふっくとしゅわ ふっくどしゅわー ふっくどしゅわ しゅわー しゅわ e E	発音記号
アルファベット	ɔ	はつおんきごう おーぷんおー o O	発音記号
アルファベット	ɪ	はつおんきごう i I	発音記号
アルファベット	ʊ	はつおんきごう ゆぷしろん u U	発音記号
アルファベット	ð	はつおんきごう えず えす	発音記号
アルファベット	ŋ	はつおんきごう えんぐ えん んg ng NG	発音記号
アルファベット	ʃ	はつおんきごう えしゅ sh SH	発音記号
アルファベット	ʒ	はつおんきごう えじゅ えっじゅ zh ZH	発音記号
アルファベット	ʧ	はつおんきごう tsh TSH	発音記号
アルファベット	ʤ	はつおんきごう dzh DZH	発音記号
記号	ː	はつおんきごう ちょうぼいん ： :	発音記号
記号	␀	NUL	制御記号	NUL	OTHER
記号	␁	SOH	制御記号	SOH	OTHER
記号	␂	STX	制御記号	STX	OTHER
記号	␃	ETX	制御記号	ETX	OTHER
記号	␄	EOT	制御記号	EOT	OTHER
記号	␅	ENQ	制御記号	ENQ	OTHER
記号	␆	ACK	制御記号	ACK	OTHER
記号	␇	BEL	制御記号	BEL	OTHER
記号	␈	BS	制御記号	BS	OTHER
記号	␉	HT	制御記号	HT	OTHER
記号	␊	LF	制御記号	LF	OTHER
記号	␋	VT	制御記号	VT	OTHER
記号	␌	FF	制御記号	FF	OTHER
記号	␍	CR	制御記号	CR	OTHER
記号	␎	SO	制御記号	SO	OTHER
記号	␏	SI	制御記号	SI	OTHER
記号	␐	DLE	制御記号	DLE	OTHER
記号	␑	DC1	制御記号	DC1	OTHER
記号	␒	DC2	制御記号	DC2	OTHER
記号	␓	DC3	制御記号	DC3	OTHER
記号	␔	DC4	制御記号	DC4	OTHER
記号	␕	NAK	制御記号	NAK	OTHER
記号	␖	SYN	制御記号	SYN	OTHER
記号	␗	ETB	制御記号	ETB	OTHER
記号	␘	CAN	制御記号	CAN	OTHER
記号	␙	EM	制御記号	EM	OTHER
記号	␚	SUB	制御記号	SUB	OTHER
記号	␛	ESC	制御記号	ESC	OTHER
記号	␜	FS	制御記号	FS	OTHER
記号	␝	GS	制御記号	GS	OTHER
記号	␞	RS	制御記号	RS	OTHER
記号	␟	US	制御記号	US	OTHER
記号	␠	SP	制御記号	SP	OTHER
記号	␡	DEL	制御記号	DEL	OTHER
記号	␤	NL	制御記号	NL	OTHER
記号	ʬ	ww ばいらびあるぱーかっしぶ			OTHER		U+02AC
記号	¤	つうか たんい こくさいつうかきごう	通貨記号	国際通貨記号	OTHER		U+00A4
記号	₠	つうか たんい おうしゅうつうかたんい えきゅー　きゅうゆーろ　えきゅーきごう　きゅうゆーろきごう	通貨記号	エキュー	OTHER		U+20A0
記号	₡	つうか たんい ころん ころんきごう	通貨記号	コロン	OTHER		U+20A1
記号	₢	つうか たんい くるぜいろ くるぜいろきごう	通貨記号	クルゼイロ	OTHER		U+20A2
記号	₣	つうか たんい ふらん ふらんきごう	通貨記号	フラン	OTHER		U+20A3
記号	₤	つうか たんい りら りらきごう	通貨記号	リラ	OTHER		U+20A4
記号	₥	つうか たんい みるきごう	通貨記号	ミル	OTHER		(みる)　U+20A5
記号	₦	つうか たんい ないら ないらきごう	通貨記号	ナイラ	OTHER		U+20A6
記号	₧	つうか たんい ぺせた ぺせたきごう	通貨記号	ペセタ	OTHER		U+20A7
記号	₨	つうか たんい るぴー るぴーきごう	通貨記号	ルピー	OTHER		U+20A8
記号	₩	つうか たんい うぉん うぉんきごう	通貨記号	ウォン	OTHER		U+20A9
記号	₪	つうか たんい しんしぇける しんしぇけるきごう	通貨記号	新シェケル	OTHER		U+20AA
記号	₫	つうか たんい どん どんきごう	通貨記号	ドン	OTHER		U+20AB
# € U+20AC defined at above
記号	₭	つうか たんい きーぷ きーぷきごう	通貨記号	キープ	OTHER		U+20AD
記号	₮	つうか たんい どぐろぐ とぅぐるぐ とぅぐるく とぅぐりく どぐろぐきごう とぅぐるぐきごう とぅぐるくきごう とぅぐりくきごう	通貨記号	トゥグルグ	OTHER		U+20AE
記号	₯	つうか たんい どらくま どらくまきごう	通貨記号	ドラクマ	OTHER		U+20AF
記号	₰	つうか たんい ぺにひ ぺにひきごう	通貨記号	ペニヒ	OTHER		U+20B0
記号	₱	つうか たんい ぺそ ぺそきごう	通貨記号	ペソ	OTHER		U+20B1
記号	₲	つうか たんい ぐあらにー ぐあらにーきごう	通貨記号	グアラニー	OTHER		U+20B2
記号	₳	つうか たんい あうすとらる あうすとらるきごう	通貨記号	アウストラル	OTHER		U+20B3
記号	₴	つうか たんい ぐりぶな ふりヴにゃ ふりぶにゃ ぐりぶなきごう ふりヴにゃきごう ふりぶにゃきごう	通貨記号	フリヴニャ	OTHER		U+20B4
記号	₵	つうか たんい せでぃ せでぃきごう	通貨記号	セディ	OTHER		U+20B5
記号	₶	つうか たんい りーぶる とぅーるりーぶる	通貨記号	トゥール・リーブル	OTHER		U+20B6
記号	₷	つうか たんい すぺすみろ	通貨記号	スペスミロ	OTHER		U+20B7
記号	₸	つうか たんい てんげ	通貨記号	テンゲ	OTHER		U+20B8
記号	₹	つうか たんい るぴー いんどるぴー	通貨記号	インド・ルピー	OTHER		U+20B9
記号	₺	つうか たんい りら とるこりら	通貨記号	トルコ・リラ	OTHER		U+20BA
記号	₻	つうか たんい まるく のるうぇーまるく	通貨記号	ノルウェー・マルク	OTHER		U+20BB
記号	₼	つうか たんい まなと あぜるばいじゃんまなと	通貨記号	マナト	OTHER		U+20BC
記号	₽	つうか たんい るーぶる ろしあるーぶる	通貨記号	ロシア・ルーブル	OTHER		U+20BD
記号	₾	つうか たんい らり じょーじあらり	通貨記号	ジョージア・ラリ	OTHER		U+20BE
記号	₿	つうか たんい びっとこいん	通貨記号	ビットコイン	OTHER		U+20BF

記号	㌀	あぱーと			OTHER		U+2300
記号	㌁	あるふぁ			OTHER		U+3301
記号	㌂	あんぺあ	単位		OTHER		U+3302
記号	㌃	あーる たんい	単位		OTHER		U+3303
記号	㌄	いにんぐ たんい	単位		OTHER		U+3304
記号	㌅	いんち たんい	単位		OTHER		U+3305
記号	㌆	うぉん たんい	単位		OTHER		U+3306
記号	㌇	えすくーど たんい	単位		OTHER		U+3307
記号	㌈	えーかー たんい	単位		OTHER		U+3308
記号	㌉	おんす たんい	単位		OTHER		U+3309
記号	㌊	おーむ たんい	単位		OTHER		U+330A
記号	㌋	かいり たんい	単位		OTHER		U+330B
記号	㌌	からっと たんい	単位		OTHER		U+330C
記号	㌍	かろりー たんい	単位		OTHER		U+330D
記号	㌎	がろん たんい	単位		OTHER		U+330E
記号	㌏	がんま たんい	単位		OTHER		U+330F
記号	㌐	ぎが たんい	単位		OTHER		U+3310
記号	㌑	ぎにー たんい	単位		OTHER		U+3311
記号	㌒	きゅりー たんい	単位		OTHER		U+3312
記号	㌓	ぎるだー たんい	単位		OTHER		U+3313
記号	㌔	きろ たんい	単位		OTHER		U+3314
記号	㌕	きろぐらむ たんい	単位		OTHER		U+3315
記号	㌖	きろめーとる たんい	単位		OTHER		U+3316
記号	㌗	きろわっと たんい	単位		OTHER		U+3317
記号	㌘	ぐらむ たんい	単位		OTHER		U+3318
記号	㌙	ぐらむとん たんい	単位		OTHER		U+3319
記号	㌚	くるぜいろ たんい	単位		OTHER		U+331A
記号	㌛	くろーね たんい	単位		OTHER		U+331B
記号	㌜	けーす たんい	単位		OTHER		U+331C
記号	㌝	こるな たんい	単位		OTHER		U+331D
記号	㌞	こーぽ			OTHER		U+331E
記号	㌟	さいくる たんい	単位		OTHER		U+331F
記号	㌠	さんちーむ たんい	単位		OTHER		U+3320
記号	㌡	しりんぐ たんい	単位		OTHER		U+3321
記号	㌢	せんち たんい	単位		OTHER		U+3322
記号	㌣	せんと たんい	単位		OTHER		U+3323
記号	㌤	だーす たんい	単位		OTHER		U+3324
記号	㌥	でし たんい	単位		OTHER		U+3325
記号	㌦	どる たんい	単位		OTHER		U+3326
記号	㌧	とん たんい	単位		OTHER		U+3327
記号	㌨	なの たんい	単位		OTHER		U+3328
記号	㌩	のっと たんい	単位		OTHER		U+3329
記号	㌪	はいつ			OTHER		U+332A
記号	㌫	ぱーせんと たんい	単位		OTHER		U+332B
記号	㌬	ぱーつ たんい	単位		OTHER		U+332C
記号	㌭	ばーれる たんい	単位		OTHER		U+332D
記号	㌮	ぴあすとる たんい	単位		OTHER		U+332E
記号	㌯	ぴくる たんい	単位		OTHER		U+332F
記号	㌰	ぴこ たんい	単位		OTHER		U+3330
記号	㌱	びる			OTHER		U+3331
記号	㌲	ふぁらっど たんい	単位		OTHER		U+3332
記号	㌳	ふぃーと たんい	単位		OTHER		U+3333
記号	㌴	ぶっしぇる たんい	単位		OTHER		U+3334
記号	㌵	ふらん たんい	単位		OTHER		U+3335
記号	㌶	へくたーる たんい	単位		OTHER		U+3336
記号	㌷	ぺそ たんい	単位		OTHER		U+3337
記号	㌸	ぺにひ たんい	単位		OTHER		U+3338
記号	㌹	へるつ たんい	単位		OTHER		U+3339
記号	㌺	ぺんす たんい	単位		OTHER		U+333A
記号	㌻	ぺーじ たんい	単位		OTHER		U+333B
記号	㌼	べーた			OTHER		U+333C
記号	㌽	ぽいんと たんい	単位		OTHER		U+333D
記号	㌾	ぼると たんい	単位		OTHER		U+333E
記号	㌿	ほん たんい	単位		OTHER		U+333F
記号	㍀	ぽんど たんい	単位		OTHER		U+3340
記号	㍁	ほーる			OTHER		U+3341
記号	㍂	ほーん たんい	単位		OTHER		U+3342
記号	㍃	まいくろ たんい	単位		OTHER		U+3343
記号	㍄	まいる たんい	単位		OTHER		U+3344
記号	㍅	まっは たんい	単位		OTHER		U+3345
記号	㍆	まるく たんい	単位		OTHER		U+3346
記号	㍇	まんしょん			OTHER		U+3347
記号	㍈	みくろん たんい	単位		OTHER		U+3348
記号	㍉	みり たんい	単位		OTHER		U+3349
記号	㍊	みりばーる たんい	単位		OTHER		U+334A
記号	㍋	めが たんい	単位		OTHER		U+334B
記号	㍌	めがとん たんい	単位		OTHER		U+334C
記号	㍍	めーとる たんい	単位		OTHER		U+334D
記号	㍎	やーど たんい	単位		OTHER		U+334E
記号	㍏	やーる たんい	単位		OTHER		U+334F
記号	㍐	ゆあん たんい	単位		OTHER		U+3350
記号	㍑	りっとる たんい	単位		OTHER		U+3351
記号	㍒	りら たんい	単位		OTHER		U+3352
記号	㍓	るぴー たんい	単位		OTHER		U+3353
記号	㍔	るーぶる たんい	単位		OTHER		U+3354
記号	㍕	れむ たんい たんい	単位		OTHER		U+3355
記号	㍖	れんとげん たんい	単位		OTHER		U+3356
記号	㍗	わっと たんい	単位		OTHER		U+3357

記号	↔	やじるし ←→ <-> <ー>	矢印	左右	SYMBOL
記号	↕	やじるし ↑↓ ↓↑	矢印	上下	SYMBOL
記号	↖	やじるし ← ↑ ひだりうえ ひだりうえや	矢印	左上	SYMBOL
記号	↗	やじるし → ↑ みぎうえ みぎうえや	矢印	右上	SYMBOL
記号	↘	やじるし → ↓ みぎした みぎしたや	矢印	右下	SYMBOL
記号	↙	やじるし ← ↓ ひだりした ひだりしたや	矢印	左下	SYMBOL
記号	↩	やじるし ←	矢印		SYMBOL
記号	↪	やじるし →	矢印		SYMBOL
記号	↰	やじるし ←	矢印		SYMBOL
記号	↱	やじるし →	矢印		SYMBOL
記号	↲	やじるし ←	矢印		SYMBOL
記号	↴	やじるし ↓	矢印		SYMBOL
記号	↳	やじるし →	矢印		SYMBOL
記号	↵	やじるし ← えんたー りたーん かいぎょう	矢印 改行記号		SYMBOL
記号	↶	やじるし ↓	矢印		SYMBOL
記号	↷	やじるし ↓	矢印		SYMBOL
記号	↺	やじるし → ↑	矢印		SYMBOL
記号	↻	やじるし ← ↑	矢印		SYMBOL
記号	⤴	やじるし ↑	矢印		SYMBOL
記号	⤵	やじるし ↓	矢印		SYMBOL
記号	⇄	やじるし →←	矢印		SYMBOL
記号	⇅	やじるし ↑↓	矢印		SYMBOL
記号	⇆	やじるし ←→	矢印		SYMBOL
記号	⇇	やじるし ← ←←	矢印		SYMBOL
記号	⇈	やじるし ↑ ↑↑	矢印		SYMBOL
記号	⇉	やじるし → →→	矢印		SYMBOL
記号	⇊	やじるし ↓ ↓↓	矢印		SYMBOL
記号	⇐	やじるし ひだりや ひだり <= ←	太矢印	左	SYMBOL
							# ⇒ defined at above as math symbol
記号	⇑	やじるし うえや うえ ↑	太矢印	上	SYMBOL
記号	⇓	やじるし したや した ↓	太矢印	下	SYMBOL
記号	⇕	やじるし ↑↓ ↓↑	太矢印	上下	SYMBOL
記号	⇖	やじるし ひだりうえ ひだりうえや ← ↑	太矢印	左上	SYMBOL
記号	⇗	やじるし みぎうえ みぎうえや → ↑	太矢印	右上	SYMBOL
記号	⇘	やじるし みぎした みぎしたや → ↓	太矢印	右下	SYMBOL
記号	⇙	やじるし ひだりした ひだりしたや ← ↓	太矢印	左下	SYMBOL
記号	⇚	やじるし ひだりや ひだり ←	三重矢印	左	SYMBOL
記号	⇛	やじるし みぎや みぎ →	三重矢印	右	SYMBOL
記号	⇠	やじるし ひだりや ひだり <... ←	点線矢印	左	SYMBOL
記号	⇡	やじるし うえや うえ ↑	点線矢印	上	SYMBOL
記号	⇢	やじるし みぎや みぎ ...> →	点線矢印	右	SYMBOL
記号	⇣	やじるし したや した ↓	点線矢印	下	SYMBOL
記号	⇦	やじるし ひだりや ひだり ←	白抜き矢印	左	SYMBOL
記号	⇧	やじるし うえや うえ ↑	白抜き矢印	上	SYMBOL
記号	⇨	やじるし みぎや みぎ →	白抜き矢印	右	SYMBOL
記号	⇩	やじるし したや した ↓	白抜き矢印	下	SYMBOL
記号	〄	きごう JIS じす	JISマーク
記号	〠	きごう ゆうびん	郵便記号		SYMBOL
記号	〶	きごう ゆうびん	郵便記号
記号	〼	ます	枡記号				U+303C
記号	〽	いおりてん うた	庵点 歌記号				U+303D
記号	(月)	げつ げつよう げつようび	月曜日
記号	(火)	か かよう かようび	火曜日
記号	(水)	すい すいよう すいようび	水曜日
記号	(木)	もく もくよう もくようび	木曜日
記号	(金)	きん きんよう きんようび	金曜日
記号	(土)	ど どよう どようび	土曜日
記号	(日)	にち にちよう にちようび	日曜日
記号	㈪	げつよう げつようび	月曜日
記号	㈫	かよう かようび	火曜日
記号	㈬	すいよう すいようび	水曜日
記号	㈭	もくよう もくようび	木曜日
記号	㈮	きんよう きんようび	金曜日
記号	㈯	どよう どようび	土曜日
記号	㈰	にちよう にちようび	日曜日
記号	㈷	しゅくじつ かっこしゅく	祝日
記号	㉁	やすみ きゅうじつ かっこきゅう	(休)
記号	㈳	しゃだんほうじん かっこしゃ	(社)
記号	㈴	なまえ かっこめい	(名)
記号	㈵	とくしゅほうじん かっことく	(特)
記号	㈶	ざいだんほうじん かっこざい	(財)
記号	㈸	ろうどうくみあい かっころう	(労)
記号	㈺	よびだし かっこよび	(呼)
記号	㈻	がっこうほうじん かっこがく	(学)
記号	㈼	かんさほうじん かっこかん	(監)
記号	㈽	かっこき	(企)
記号	㈾	かっこし	(資)
記号	㈿	かっこきょう	(協)
記号	㉀	さいじつ かっこさい	(祭)
記号	㉂	かっこじ かっこより	(自)
記号	㉃	いたる かっこいたる	(至)
記号	㊙	まるひ	丸秘
記号	㊚	まるおとこ おとこ	丸男
記号	㊛	まるおんな おんな	丸女
記号	㊜	まるてき	丸適
記号	㊝	まるゆう	丸優
記号	㊞	まるいん いんかん	丸印
記号	㊟	まるちゅう	丸注
記号	㊠	まるこう	丸項
記号	㊡	まるきゅう	丸休
記号	㊢	まるしゃ	丸写
記号	㊣	まるせい	丸正
記号	㊩	まるい	丸医
記号	㊪	まるしゅう	丸宗
記号	㊫	まるがく	丸学
記号	㊬	まるかん	丸監
記号	㊭	まるき	丸企
記号	㊮	まるし	丸資
記号	㊯	まるきょう	丸協
記号	㊰	まるよる	丸夜
記号	㋐	まるあ	丸ア
記号	㋑	まるい	丸イ
記号	㋒	まるう	丸ウ
記号	㋓	まるえ	丸エ
記号	㋔	まるお	丸オ
記号	㋕	まるか	丸カ
記号	㋖	まるき	丸キ
記号	㋗	まるく	丸ク
記号	㋘	まるけ	丸ケ
記号	㋙	まるこ	丸コ
記号	㋚	まるさ	丸サ
記号	㋛	まるし	丸シ
記号	㋜	まるす	丸ス
記号	㋝	まるせ	丸セ
記号	㋞	まるそ	丸ソ
記号	㋟	まるた	丸タ
記号	㋠	まるち	丸チ
記号	㋡	まるつ	丸ツ
記号	㋢	まるて	丸テ
記号	㋣	まると	丸ト
記号	㋤	まるな	丸ナ
記号	㋥	まるに	丸ニ
記号	㋦	まるぬ	丸ヌ
記号	㋧	まるね	丸ネ
記号	㋨	まるの	丸ノ
記号	㋩	まるは	丸ハ
記号	㋪	まるひ	丸ヒ
記号	㋫	まるふ	丸フ
記号	㋬	まるへ	丸ヘ
記号	㋭	まるほ	丸ホ
記号	㋮	まるま	丸マ
記号	㋯	まるみ	丸ミ
記号	㋰	まるむ	丸ム
記号	㋱	まるめ	丸メ
記号	㋲	まるも	丸モ
記号	㋳	まるや	丸ヤ
記号	㋴	まるゆ	丸ユ
記号	㋵	まるよ	丸ヨ
記号	㋶	まるら	丸ラ
記号	㋷	まるり	丸リ
記号	㋸	まるる	丸ル
記号	㋹	まるれ	丸レ
記号	㋺	まるろ	丸ロ
記号	㋻	まるわ	丸ワ
記号	㋼	まるうぃ まるゐ	丸ヰ
記号	㋽	まるうぇ まるゑ	丸ヱ
記号	㋾	まるを	丸ヲ
記号	⁰	うわつき うえつき うわつき0 うえつき0 うえ0	上付き文字	0	SYMBOL	number rewriter	U+2070
記号	¹	うわつき うえつき うわつき1 うえつき1 うえ1	上付き文字	1	SYMBOL	number rewriter	U+00B9
記号	²	うわつき うえつき うわつき2 うえつき2 うえ2	上付き文字	2	SYMBOL	number rewriter	U+00B2
記号	³	うわつき うえつき うわつき3 うえつき3 うえ3	上付き文字	3	SYMBOL	number rewriter	U+00B3
記号	⁴	うわつき うえつき うわつき4 うえつき4 うえ4	上付き文字	4	SYMBOL	number rewriter	U+2074
記号	⁵	うわつき うえつき うわつき5 うえつき5 うえ5	上付き文字	5	SYMBOL	number rewriter	U+2075
記号	⁶	うわつき うえつき うわつき6 うえつき6 うえ6	上付き文字	6	SYMBOL	number rewriter	U+2076
記号	⁷	うわつき うえつき うわつき7 うえつき7 うえ7	上付き文字	7	SYMBOL	number rewriter	U+2077
記号	⁸	うわつき うえつき うわつき8 うえつき8 うえ8	上付き文字	8	SYMBOL	number rewriter	U+2078
記号	⁹	うわつき うえつき うわつき9 うえつき9 うえ9	上付き文字	9	SYMBOL	number rewriter	U+2079
記号	⁺	うわつき うえつき うわつき+ うえつき+ うえ+ +	上付き文字	+	SYMBOL		U+207A
記号	⁻	うわつき うえつき うわつき- うえつき- うえ- -	上付き文字	-	SYMBOL		U+207B
記号	⁼	うわつき うえつき うわつき= うえつき= うえ= =	上付き文字	=	SYMBOL		U+207C
記号	⁽	うわつき うえつき うわつき( うえつき( うえ( (	上付き文字	始め丸括弧	SYMBOL		U+207D
記号	⁾	うわつき うえつき うわつき) うえつき) うえ) )	上付き文字	終わり丸括弧	SYMBOL		U+207E
記号	ⁿ	うわつき うえつき うわつきn うえつきn うえn うわつきN うえつきN うえN うわつきん うえつきん うえん n	上付き文字	n	SYMBOL		U+207F
記号	₀	したつき したつき0 した0	下付き文字	0	SYMBOL	number rewriter	U+2080
記号	₁	したつき したつき1 した1	下付き文字	1	SYMBOL	number rewriter	U+2081
記号	₂	したつき したつき2 した2	下付き文字	2	SYMBOL	number rewriter	U+2082
記号	₃	したつき したつき3 した3	下付き文字	3	SYMBOL	number rewriter	U+2083
記号	₄	したつき したつき4 した4	下付き文字	4	SYMBOL	number rewriter	U+2084
記号	₅	したつき したつき5 した5	下付き文字	5	SYMBOL	number rewriter	U+2085
記号	₆	したつき したつき6 した6	下付き文字	6	SYMBOL	number rewriter	U+2086
記号	₇	したつき したつき7 した7	下付き文字	7	SYMBOL	number rewriter	U+2087
記号	₈	したつき したつき8 した8	下付き文字	8	SYMBOL	number rewriter	U+2088
記号	₉	したつき したつき9 した9	下付き文字	9	SYMBOL	number rewriter	U+2089
記号	₊	したつき したつき+ した+ +	下付き文字	+	SYMBOL		U+208A
記号	₋	したつき したつき- した- -	下付き文字	-	SYMBOL		U+208B
記号	₌	したつき したつき= した= =	下付き文字	=	SYMBOL		U+208C
記号	₍	したつき したつき( した( (	下付き文字	始め丸括弧	SYMBOL		U+208D
記号	₎	したつき したつき) した) )	下付き文字	終わり丸括弧	SYMBOL		U+208E
記号	ₐ	したつき したつきa したつきあ したつきA したa したあ したA a	下付き文字	a	SYMBOL		U+2090
記号	ₑ	したつき したつきe したつきえ したつきE したe したえ したE e	下付き文字	e	SYMBOL		U+2091
記号	ₒ	したつき したつきo したつきお したつきO したo したお したO o	下付き文字	o	SYMBOL		U+2092
記号	ₓ	したつき したつきx したつきX したx したX x	下付き文字	x	SYMBOL		U+2093
記号	ₔ	したつき したつきe したつきえ したつきE したe したえ したE e	下付き文字	ə	SYMBOL		U+2094
記号	✁	きごう はさみ	はさみ			UPPER BLADE SCISSORS (U+2701)	U+2701
記号	✂	きごう はさみ	はさみ			BLACK SCISSORS (U+2702)	U+2702
記号	✃	きごう はさみ	はさみ			LOWER BLADE SCISSORS (U+2703)	U+2703
記号	✄	きごう はさみ	はさみ			WHITE SCISSORS (U+2704)	U+2704
記号	✆	きごう でんわ	電話			TELEPHONE LOCATION SIGN (U+2706)	U+2706
記号	✇	きごう てーぷ てーぷどらいぶ	テープドライブ			TAPE DRIVE (U+2707)	U+2707
記号	✈	きごう ひこうき	飛行機			AIRPLANE (U+2708)	U+2708
記号	✉	きごう ふうとう	封筒			ENVELOPE (U+2709)	U+2709
記号	✌	きごう ぴーす ぶい	ピース			VICTORY HAND (U+270C)	U+270C
記号	✍	きごう てがき めも	手書き			WRITING HAND (U+270D)	U+270D
記号	✎	きごう えんぴつ	鉛筆			LOWER RIGHT PENCIL (U+270E)	U+270E
記号	✏	きごう えんぴつ	鉛筆			PENCIL (U+270F)	U+270F
記号	✐	きごう えんぴつ	鉛筆			UPPER RIGHT PENCIL (U+2710)	U+2710
記号	✑	きごう ぺん ぺんさき まんねんひつ	ペン先			WHITE NIB (U+2711)	U+2711
記号	✒	きごう ぺん ぺんさき まんねんひつ	ペン先			BLACK NIB (U+2712)	U+2712
記号	✕	きごう ばつ ぺけ かける	乗算記号			MULTIPLICATION X (U+2715)	U+2715
記号	✖	きごう ばつ ぺけ かける	乗算記号			HEAVY MULTIPLICATION X (U+2716)	U+2716
記号	✗	きごう ばつ ぺけ	バツマーク		SYMBOL	BALLOT X (U+2717)	U+2717
記号	✘	きごう ばつ ぺけ	バツマーク		SYMBOL	HEAVY BALLOT X (U+2718)	U+2718
記号	✙	きごう くろす じゅうじか じゅうじ	十字架			OUTLINED GREEK CROSS (U+2719)	U+2719
記号	✚	きごう くろす じゅうじか じゅうじ	十字架			HEAVY GREEK CROSS (U+271A)	U+271A
記号	✛	きごう くろす じゅうじか じゅうじ	十字架			OPEN CENTRE CROSS (U+271B)	U+271B
記号	✜	きごう くろす じゅうじか じゅうじ	十字架			HEAVY OPEN CENTRE CROSS (U+271C)	U+271C
記号	✝	きごう くろす じゅうじか じゅうじ	十字架			LATIN CROSS (U+271D)	U+271D
記号	✞	きごう くろす じゅうじか じゅうじ	十字架			SHADOWED WHITE LATIN CROSS (U+271E)	U+271E
記号	✟	きごう くろす じゅうじか じゅうじ	十字架			OUTLINED LATIN CROSS (U+271F)	U+271F
記号	✠	きごう くろす じゅうじか じゅうじ まるたじゅうじ	マルタ十字			MALTESE CROSS (U+2720)	U+2720
記号	✡	きごう ほし だびで だびでのほし ろくぼうせい	ダビデの星			STAR OF DAVID (U+2721)	U+2721
記号	✢	きごう あすたりすく あすてりすく	アスタリスク			FOUR TEARDROP-SPOKED ASTERISK (U+2722)	U+2722
記号	✣	きごう あすたりすく あすてりすく	アスタリスク			FOUR BALLOON-SPOKED ASTERISK (U+2723)	U+2723
記号	✤	きごう あすたりすく あすてりすく	アスタリスク			HEAVY FOUR BALLOON-SPOKED ASTERISK (U+2724)	U+2724
記号	✥	きごう あすたりすく あすてりすく	アスタリスク			FOUR CLUB-SPOKED ASTERISK (U+2725)	U+2725
記号	✦	きごう ほし	星			BLACK FOUR POINTED STAR (U+2726)	U+2726
記号	✧	きごう ほし	星			WHITE FOUR POINTED STAR (U+2727)	U+2727
記号	✩	きごう ほし	星			STRESS OUTLINED WHITE STAR (U+2729)	U+2729
記号	✪	きごう ほし	星			CIRCLED WHITE STAR (U+272A)	U+272A
記号	✫	きごう ほし	星			OPEN CENTRE BLACK STAR (U+272B)	U+272B
記号	✬	きごう ほし	星			BLACK CENTRE WHITE STAR (U+272C)	U+272C
記号	✭	きごう ほし	星			OUTLINED BLACK STAR (U+272D)	U+272D
記号	✮	きごう ほし	星			HEAVY OUTLINED BLACK STAR (U+272E)	U+272E
記号	✯	きごう ほし	星			PINWHEEL STAR (U+272F)	U+272F
記号	✰	きごう ほし	星			SHADOWED WHITE STAR (U+2730)	U+2730
記号	✱	きごう ほし あすたりすく あすてりすく	アスタリスク			HEAVY ASTERISK (U+2731)	U+2731
記号	✲	きごう ほし あすたりすく あすてりすく	アスタリスク			OPEN CENTRE ASTERISK (U+2732)	U+2732
記号	✳	きごう ほし あすたりすく あすてりすく	アスタリスク			EIGHT SPOKED ASTERISK (U+2733)	U+2733
記号	✴	きごう ほし あすたりすく あすてりすく	アスタリスク			EIGHT POINTED BLACK STAR (U+2734)	U+2734
記号	✵	きごう ほし あすたりすく あすてりすく	アスタリスク			EIGHT POINTED PINWHEEL STAR (U+2735)	U+2735
記号	✶	きごう ほし あすたりすく あすてりすく	アスタリスク			SIX POINTED BLACK STAR (U+2736)	U+2736
記号	✷	きごう ほし あすたりすく あすてりすく	アスタリスク			EIGHT POINTED RECTILINEAR BLACK STAR (U+2737)	U+2737
記号	✸	きごう ほし あすたりすく あすてりすく	アスタリスク			HEAVY EIGHT POINTED RECTILINEAR BLACK STAR (U+2738)	U+2738
記号	✹	きごう ほし あすたりすく あすてりすく	アスタリスク			TWELVE POINTED BLACK STAR (U+2739)	U+2739
記号	✺	きごう ほし あすたりすく あすてりすく	アスタリスク			SIXTEEN POINTED ASTERISK (U+273A)	U+273A
記号	✻	きごう ほし あすたりすく あすてりすく	アスタリスク			TEARDROP-SPOKED ASTERISK (U+273B)	U+273B
記号	✼	きごう ほし あすたりすく あすてりすく	アスタリスク			OPEN CENTRE TEARDROP-SPOKED ASTERISK (U+273C)	U+273C
記号	✽	きごう ほし あすたりすく あすてりすく	アスタリスク			HEAVY TEARDROP-SPOKED ASTERISK (U+273D)	U+273D
記号	✾	きごう ほし あすたりすく あすてりすく はな	花			SIX PETALLED BLACK AND WHITE FLORETTE (U+273E)	U+273E
記号	✿	きごう はな	花			BLACK FLORETTE (U+273F)	U+273F
記号	❀	きごう はな	花			WHITE FLORETTE (U+2740)	U+2740
記号	❁	きごう はな	花			EIGHT PETALLED OUTLINED BLACK FLORETTE (U+2741)	U+2741
記号	❂	きごう ほし	星			CIRCLED OPEN CENTRE EIGHT POINTED STAR (U+2742)	U+2742
記号	❃	きごう ほし あすたりすく あすてりすく	アスタリスク			HEAVY TEARDROP-SPOKED PINWHEEL ASTERISK (U+2743)	U+2743
記号	❄	きごう ゆき	雪			SNOWFLAKE (U+2744)	U+2744
記号	❅	きごう ゆき	雪			TIGHT TRIFOLIATE SNOWFLAKE (U+2745)	U+2745
記号	❆	きごう ゆき	雪			HEAVY CHEVRON SNOWFLAKE (U+2746)	U+2746
記号	❇	きごう ほし あすたりすく あすてりすく	アスタリスク			SPARKLE (U+2747)	U+2747
記号	❈	きごう ほし あすたりすく あすてりすく	アスタリスク			HEAVY SPARKLE (U+2748)	U+2748
記号	❉	きごう ほし あすたりすく あすてりすく	アスタリスク			BALLOON-SPOKED ASTERISK (U+2749)	U+2749
記号	❊	きごう ほし あすたりすく あすてりすく	アスタリスク			EIGHT TEARDROP-SPOKED PROPELLER ASTERISK (U+274A)	U+274A
記号	❋	きごう ほし あすたりすく あすてりすく	アスタリスク			HEAVY EIGHT TEARDROP-SPOKED PROPELLER ASTERISK (U+274B)	U+274B
記号	❍	きごう まる ずけい	丸			SHADOWED WHITE CIRCLE (U+274D)	U+274D
記号	❏	きごう しかく ずけい	四角			LOWER RIGHT DROP-SHADOWED WHITE SQUARE (U+274F)	U+274F
記号	❐	きごう しかく ずけい	四角			UPPER RIGHT DROP-SHADOWED WHITE SQUARE (U+2750)	U+2750
記号	❑	きごう しかく ずけい	四角			LOWER RIGHT SHADOWED WHITE SQUARE (U+2751)	U+2751
記号	❒	きごう しかく ずけい	四角			UPPER RIGHT SHADOWED WHITE SQUARE (U+2752)	U+2752
記号	❖	きごう ひし ひしがた ずけい	ダイヤモンド			BLACK DIAMOND MINUS WHITE X (U+2756)	U+2756
記号	❘	きごう たてぼう たてせん |	縦棒			LIGHT VERTICAL BAR (U+2758)	U+2758
記号	❙	きごう たてぼう たてせん |	縦棒			MEDIUM VERTICAL BAR (U+2759)	U+2759
記号	❚	きごう たてぼう たてせん |	縦棒			HEAVY VERTICAL BAR (U+275A)	U+275A
記号	❛	きごう くぉーと '	シングルクォート			HEAVY SINGLE TURNED COMMA QUOTATION MARK ORNAMENT (U+275B)	U+275B
記号	❜	きごう あぽすとろふぃ くぉーと こんま かんま '	シングルクォート			HEAVY SINGLE COMMA QUOTATION MARK ORNAMENT (U+275C)	U+275C
記号	❝	きごう だぶるくおーと だぶるくおーてーしょん くぉーと だぶるくぉーてしょん "	ダブルクォート			HEAVY DOUBLE TURNED COMMA QUOTATION MARK ORNAMENT (U+275D)	U+275D
記号	❞	きごう だぶるくおーと だぶるくおーてーしょん くぉーと だぶるくぉーてしょん "	ダブルクォート			HEAVY DOUBLE COMMA QUOTATION MARK ORNAMENT (U+275E)	U+275E
記号	❡	きごう だんらく せくしょん	段落記号			CURVED STEM PARAGRAPH SIGN ORNAMENT (U+2761)	U+2761
記号	❢	きごう かんたんふ ! ！ えくすくらめーしょん びっくり	感嘆符			HEAVY EXCLAMATION MARK ORNAMENT (U+2762)	U+2762
記号	❣	きごう かんたんふ ! ！ えくすくらめーしょん びっくり	感嘆符			HEAVY HEART EXCLAMATION MARK ORNAMENT (U+2763)	U+2763
記号	❤	きごう はーと	ハート			HEAVY BLACK HEART (U+2764)	U+2764
記号	❥	きごう はーと	ハート			ROTATED HEAVY BLACK HEART BULLET (U+2765)	U+2765
記号	❦	きごう はーと	ハート			FLORAL HEART (U+2766)	U+2766
記号	❧	きごう はーと	ハート			ROTATED FLORAL HEART BULLET (U+2767)	U+2767
数	❶	きごう まる1 まるいち	丸数字			DINGBAT NEGATIVE CIRCLED DIGIT ONE (U+2776)	U+2776
数	❷	きごう まる2 まるに	丸数字			DINGBAT NEGATIVE CIRCLED DIGIT TWO (U+2777)	U+2777
数	❸	きごう まる3 まるさん	丸数字			DINGBAT NEGATIVE CIRCLED DIGIT THREE (U+2778)	U+2778
数	❹	きごう まる4 まるよん まるし	丸数字			DINGBAT NEGATIVE CIRCLED DIGIT FOUR (U+2779)	U+2779
数	❺	きごう まる5 まるご	丸数字			DINGBAT NEGATIVE CIRCLED DIGIT FIVE (U+277A)	U+277A
数	❻	きごう まる6 まるろく	丸数字			DINGBAT NEGATIVE CIRCLED DIGIT SIX (U+277B)	U+277B
数	❼	きごう まる7 まるなな まるしち	丸数字			DINGBAT NEGATIVE CIRCLED DIGIT SEVEN (U+277C)	U+277C
数	❽	きごう まる8 まるはち	丸数字			DINGBAT NEGATIVE CIRCLED DIGIT EIGHT (U+277D)	U+277D
数	❾	きごう まる9 まるきゅう まるく	丸数字			DINGBAT NEGATIVE CIRCLED DIGIT NINE (U+277E)	U+277E
数	❿	きごう まる10 まるじゅう	丸数字			DINGBAT NEGATIVE CIRCLED NUMBER TEN (U+277F)	U+277F
数	➀	きごう まる1 まるいち	丸数字			DINGBAT CIRCLED SANS-SERIF DIGIT ONE (U+2780)	U+2780
数	➁	きごう まる2 まるに	丸数字			DINGBAT CIRCLED SANS-SERIF DIGIT TWO (U+2781)	U+2781
数	➂	きごう まる3 まるさん	丸数字			DINGBAT CIRCLED SANS-SERIF DIGIT THREE (U+2782)	U+2782
数	➃	きごう まる4 まるよん まるし	丸数字			DINGBAT CIRCLED SANS-SERIF DIGIT FOUR (U+2783)	U+2783
数	➄	きごう まる5 まるご	丸数字			DINGBAT CIRCLED SANS-SERIF DIGIT FIVE (U+2784)	U+2784
数	➅	きごう まる6 まるろく	丸数字			DINGBAT CIRCLED SANS-SERIF DIGIT SIX (U+2785)	U+2785
数	➆	きごう まる7 まるなな まるしち	丸数字			DINGBAT CIRCLED SANS-SERIF DIGIT SEVEN (U+2786)	U+2786
数	➇	きごう まる8 まるはち	丸数字			DINGBAT CIRCLED SANS-SERIF DIGIT EIGHT (U+2787)	U+2787
数	➈	きごう まる9 まるきゅう まるく	丸数字			DINGBAT CIRCLED SANS-SERIF DIGIT NINE (U+2788)	U+2788
数	➉	きごう まる10 まるじゅう	丸数字			DINGBAT CIRCLED SANS-SERIF NUMBER TEN (U+2789)	U+2789
数	➊	きごう まる1 まるいち	丸数字			DINGBAT NEGATIVE CIRCLED SANS-SERIF DIGIT ONE (U+278A)	U+278A
数	➋	きごう まる2 まるに	丸数字			DINGBAT NEGATIVE CIRCLED SANS-SERIF DIGIT TWO (U+278B)	U+278B
数	➌	きごう まる3 まるさん	丸数字			DINGBAT NEGATIVE CIRCLED SANS-SERIF DIGIT THREE (U+278C)	U+278C
数	➍	きごう まる4 まるよん まるし	丸数字			DINGBAT NEGATIVE CIRCLED SANS-SERIF DIGIT FOUR (U+278D)	U+278D
数	➎	きごう まる5 まるご	丸数字			DINGBAT NEGATIVE CIRCLED SANS-SERIF DIGIT FIVE (U+278E)	U+278E
数	➏	きごう まる6 まるろく	丸数字			DINGBAT NEGATIVE CIRCLED SANS-SERIF DIGIT SIX (U+278F)	U+278F
数	➐	きごう まる7 まるなな まるしち	丸数字			DINGBAT NEGATIVE CIRCLED SANS-SERIF DIGIT SEVEN (U+2790)	U+2790
数	➑	きごう まる8 まるはち	丸数字			DINGBAT NEGATIVE CIRCLED SANS-SERIF DIGIT EIGHT (U+2791)	U+2791
数	➒	きごう まる9 まるきゅう まるく	丸数字			DINGBAT NEGATIVE CIRCLED SANS-SERIF DIGIT NINE (U+2792)	U+2792
数	➓	きごう まる10 まるじゅう	丸数字			DINGBAT NEGATIVE CIRCLED SANS-SERIF NUMBER TEN (U+2793)	U+2793
記号	➔	きごう やじるし みぎ	右矢印			HEAVY WIDE-HEADED RIGHTWARDS ARROW (U+2794)	U+2794
記号	➘	きごう やじるし みぎした	右下矢印			HEAVY SOUTH EAST ARROW (U+2798)	U+2798
記号	➙	きごう やじるし みぎ	右矢印			HEAVY RIGHTWARDS ARROW (U+2799)	U+2799
記号	➚	きごう やじるし みぎうえ	右上矢印			HEAVY NORTH EAST ARROW (U+279A)	U+279A
記号	➛	きごう やじるし みぎ	右矢印			DRAFTING POINT RIGHTWARDS ARROW (U+279B)	U+279B
記号	➜	きごう やじるし みぎ	右矢印			HEAVY ROUND-TIPPED RIGHTWARDS ARROW (U+279C)	U+279C
記号	➝	きごう やじるし みぎ	右矢印			TRIANGLE-HEADED RIGHTWARDS ARROW (U+279D)	U+279D
記号	➞	きごう やじるし みぎ	右矢印			HEAVY TRIANGLE-HEADED RIGHTWARDS ARROW (U+279E)	U+279E
記号	➟	きごう やじるし みぎ	右矢印			DASHED TRIANGLE-HEADED RIGHTWARDS ARROW (U+279F)	U+279F
記号	➠	きごう やじるし みぎ	右矢印			HEAVY DASHED TRIANGLE-HEADED RIGHTWARDS ARROW (U+27A0)	U+27A0
記号	➡	きごう やじるし みぎ	右矢印			BLACK RIGHTWARDS ARROW (U+27A1)	U+27A1
記号	➢	きごう やじるし みぎ	右矢印			THREE-D TOP-LIGHTED RIGHTWARDS ARROWHEAD (U+27A2)	U+27A2
記号	➣	きごう やじるし みぎ	右矢印			THREE-D BOTTOM-LIGHTED RIGHTWARDS ARROWHEAD (U+27A3)	U+27A3
記号	➤	きごう やじるし みぎ	右矢印			BLACK RIGHTWARDS ARROWHEAD (U+27A4)	U+27A4
記号	➥	きごう やじるし みぎ	右矢印			HEAVY BLACK CURVED DOWNWARDS AND RIGHTWARDS ARROW (U+27A5)	U+27A5
記号	➦	きごう やじるし みぎ	右矢印			HEAVY BLACK CURVED UPWARDS AND RIGHTWARDS ARROW (U+27A6)	U+27A6
記号	➧	きごう やじるし みぎ	右矢印			SQUAT BLACK RIGHTWARDS ARROW (U+27A7)	U+27A7
記号	➨	きごう やじるし みぎ	右矢印			HEAVY CONCAVE-POINTED BLACK RIGHTWARDS ARROW (U+27A8)	U+27A8
記号	➩	きごう やじるし みぎ	右矢印			RIGHT-SHADED WHITE RIGHTWARDS ARROW (U+27A9)	U+27A9
記号	➪	きごう やじるし みぎ	右矢印			LEFT-SHADED WHITE RIGHTWARDS ARROW (U+27AA)	U+27AA
記号	➫	きごう やじるし みぎ	右矢印			BACK-TILTED SHADOWED WHITE RIGHTWARDS ARROW (U+27AB)	U+27AB
記号	➬	きごう やじるし みぎ	右矢印			FRONT-TILTED SHADOWED WHITE RIGHTWARDS ARROW (U+27AC)	U+27AC
記号	➭	きごう やじるし みぎ	右矢印			HEAVY LOWER RIGHT-SHADOWED WHITE RIGHTWARDS ARROW (U+27AD)	U+27AD
記号	➮	きごう やじるし みぎ	右矢印			HEAVY UPPER RIGHT-SHADOWED WHITE RIGHTWARDS ARROW (U+27AE)	U+27AE
記号	➯	きごう やじるし みぎ	右矢印			NOTCHED LOWER RIGHT-SHADOWED WHITE RIGHTWARDS ARROW (U+27AF)	U+27AF
記号	➱	きごう やじるし みぎ	右矢印			NOTCHED UPPER RIGHT-SHADOWED WHITE RIGHTWARDS ARROW (U+27B1)	U+27B1
記号	➲	きごう やじるし みぎ	右矢印			CIRCLED HEAVY WHITE RIGHTWARDS ARROW (U+27B2)	U+27B2
記号	➳	きごう やじるし みぎ	右矢印			WHITE-FEATHERED RIGHTWARDS ARROW (U+27B3)	U+27B3
記号	➴	きごう やじるし みぎした	右下矢印			BLACK-FEATHERED SOUTH EAST ARROW (U+27B4)	U+27B4
記号	➵	きごう やじるし みぎ	右矢印			BLACK-FEATHERED RIGHTWARDS ARROW (U+27B5)	U+27B5
記号	➶	きごう やじるし みぎうえ	右上矢印			BLACK-FEATHERED NORTH EAST ARROW (U+27B6)	U+27B6
記号	➷	きごう やじるし みぎした	右下矢印			HEAVY BLACK-FEATHERED SOUTH EAST ARROW (U+27B7)	U+27B7
記号	➸	きごう やじるし みぎ	右矢印			HEAVY BLACK-FEATHERED RIGHTWARDS ARROW (U+27B8)	U+27B8
記号	➹	きごう やじるし みぎうえ	右上矢印			HEAVY BLACK-FEATHERED NORTH EAST ARROW (U+27B9)	U+27B9
記号	➺	きごう やじるし みぎ	右矢印			TEARDROP-BARBED RIGHTWARDS ARROW (U+27BA)	U+27BA
記号	➻	きごう やじるし みぎ	右矢印			HEAVY TEARDROP-SHANKED RIGHTWARDS ARROW (U+27BB)	U+27BB
記号	➼	きごう やじるし みぎ	右矢印			WEDGE-TAILED RIGHTWARDS ARROW (U+27BC)	U+27BC
記号	➽	きごう やじるし みぎ	右矢印			HEAVY WEDGE-TAILED RIGHTWARDS ARROW (U+27BD)	U+27BD
記号	➾	きごう やじるし みぎ	右矢印			OPEN-OUTLINED RIGHTWARDS ARROW (U+27BE)	U+27BE
記号	(笑)	わら	笑
記号	w	わら	笑
記号	www	わら くさ	笑
記号	(泣)	なく なき	泣
記号	(汗)	あせ	汗
記号	乙	ぶしゅ おつにょう つりばり	部首	おつ おつにょう つりばり
記号	乚	ぶしゅ おつ おつにょう つりばり	部首	おつ おつにょう つりばり
記号	丨	ぶしゅ いちぼう たて たてぼう こん |	部首	いちぼう たてぼう
記号	丶	ぶしゅ てん	部首	てん
記号	丿	ぶしゅ の	部首	の
記号	亅	ぶしゅ はねぼう かぎ	部首	はねぼう かぎ
記号	二	ぶしゅ	部首	に
記号	亠	ぶしゅ なべぶた	部首	なべぶた
記号	人	ぶしゅ	部首	ひと
記号	亻	ぶしゅ にんべん	部首	にんべん
記号	𠆢	ぶしゅ ひとがしら ひとやね	部首	ひとがしら ひとやね
記号	儿	ぶしゅ にんにょう ひとあし	部首	にんにょう ひとあし
記号	入	ぶしゅ いる いりがしら いりやね	部首	いる いりがしら いりやね
記号	八	ぶしゅ はちがしら	部首	はち はちがしら
記号	冖	ぶしゅ わかんむり べきかんむり	部首	わかんむり べきかんむり
記号	冂	ぶしゅ けいがまえ どうがまえ	部首	けいがまえ どうがまえ
記号	冫	ぶしゅ にすい	部首	にすい
記号	几	ぶしゅ つくえ きにょう かぜがまえ	部首	つくえ きにょう かぜがまえ
記号	凵	ぶしゅ かんにょう うけばこ	部首	かんにょう うけばこ
記号	刀	ぶしゅ	部首	かたな
記号	刂	ぶしゅ りっとう	部首	りっとう
記号	力	ぶしゅ	部首	ちから
記号	勹	ぶしゅ つつみがまえ	部首	つつみがまえ
記号	匕	ぶしゅ ひ さじ さじのひ	部首	ひ さじ さじのひ
記号	匚	ぶしゅ はこがまえ	部首	はこがまえ
記号	匸	ぶしゅ かくしがまえ	部首	かくしがまえ
記号	十	ぶしゅ	部首	じゅう
記号	卜	ぶしゅ ぼくのと	部首	ぼく ぼくのと うらない
記号	卩	ぶしゅ ふしづくり まげわりふ	部首	ふしづくり まげわりふ
記号	⺋	ぶしゅ ふしづくり まげわりふ	部首	ふしづくり まげわりふ
記号	厂	ぶしゅ がんだれ	部首	がんだれ
記号	厶	ぶしゅ む	部首	む
記号	又	ぶしゅ	部首	また
記号	口	ぶしゅ くちへん	部首	くち くちへん
記号	囗	ぶしゅ くにがまえ	部首	くにがまえ
記号	土	ぶしゅ つちへん	部首	つち つちへん
記号	士	ぶしゅ さむらい さむらいかんむり	部首	さむらい さむらいかんむり
記号	夂	ぶしゅ ふゆがしら	部首	ふゆがしら
記号	夊	ぶしゅ すいにょう すいにゅう なつあし	部首	すいにょう すいにゅう なつあし
記号	夕	ぶしゅ	部首	ゆうべ ゆう
記号	大	ぶしゅ だいがしら	部首	だい だいがしら
記号	女	ぶしゅ おんなへん	部首	おんな おんなへん
記号	子	ぶしゅ こども こどもへん	部首	こ こども こどもへん
記号	宀	ぶしゅ うかんむり	部首	うかんむり
記号	寸	ぶしゅ	部首	すん
記号	小	ぶしゅ しょうがしら なおがしら	部首	しょう しょうがしら なおがしら
記号	尢	ぶしゅ まげあし だいのまげあし おうにょう	部首	まげあし だいのまげあし おうにょう
記号	尣	ぶしゅ まげあし だいのまげあし おうにょう	部首	まげあし だいのまげあし おうにょう
記号	尸	ぶしゅ かばねだれ	部首	しかばね かばねだれ
記号	屮	ぶしゅ てつ めばえ	部首	てつ めばえ
記号	山	ぶしゅ やまへん	部首	やま やまへん
記号	川	ぶしゅ	部首	かわ
記号	巛	ぶしゅ まがりがわ さんぽがわ	部首	まがりがわ さんぽがわ
記号	工	ぶしゅ たくみへん	部首	こう たくみ たくみへん
記号	己	ぶしゅ	部首	おのれ
記号	巳	ぶしゅ おのれ	部首	おのれ
記号	已	ぶしゅ おのれ	部首	おのれ
記号	巾	ぶしゅ はばへん	部首	はば はばへん
記号	干	ぶしゅ ほす かん いちじゅう	部首	ほす かん いちじゅう
記号	幺	ぶしゅ いとがしら	部首	いとがしら
記号	广	ぶしゅ まだれ	部首	まだれ
記号	廴	ぶしゅ えんにょう	部首	えんにょう
記号	廾	ぶしゅ こまぬき	部首	こまぬき
記号	弋	ぶしゅ しきがまえ よく	部首	しきがまえ よく
記号	弓	ぶしゅ ゆみへん	部首	ゆみ ゆみへん
記号	彐	ぶしゅ けいがしら いのこがしら	部首	けいがしら いのこがしら
記号	彑	ぶしゅ けいがしら いのこがしら	部首	けいがしら いのこがしら
記号	彡	ぶしゅ さんづくり かみかざり さん せん	部首	さんづくり かみかざり
記号	彳	ぶしゅ ぎょうにんべん	部首	ぎょうにんべん
記号	心	ぶしゅ	部首	こころ
記号	忄	ぶしゅ りっしんべん	部首	りっしんべん
記号	㣺	ぶしゅ したごころ	部首	したごころ
記号	戈	ぶしゅ ほこがまえ ほこづくり	部首	ほこがまえ ほこづくり
記号	戸	ぶしゅ とだれ	部首	と とだれ
記号	手	ぶしゅ てへん	部首	て てへん
記号	扌	ぶしゅ て てへん	部首	て てへん
記号	支	ぶしゅ しにょう えだにょう	部首	しにょう えだにょう
記号	攴	ぶしゅ ぼくづくり，ぼくにょう，ぼんにょう	部首	ぼくづくり，ぼくにょう，ぼんにょう
記号	攵	ぶしゅ ぼくづくり，ぼくにょう，ぼんにょう	部首	ぼくづくり，ぼくにょう，ぼんにょう
記号	文	ぶしゅ ぶんにょう	部首	ぶん ぶんにょう
記号	斗	ぶしゅ ます とます	部首	と ます とます
記号	斤	ぶしゅ おの おのづくり	部首	おの おのづくり
記号	方	ぶしゅ かたへん ほうへん	部首	かたへん ほうへん
記号	无	ぶしゅ む むにょう すでのつくり	部首	む むにょう すでのつくり
記号	旡	ぶしゅ む むにょう すでのつくり	部首	む むにょう すでのつくり
記号	日	ぶしゅ ひへん	部首	にち ひへん
記号	曰	ぶしゅ ひらび いわく	部首	ひらび いわく
記号	木	ぶしゅ きへん	部首	き きへん
記号	欠	ぶしゅ あくび かける	部首	あくび かける
記号	止	ぶしゅ とめる とめへん	部首	とめる とめへん
記号	歹	ぶしゅ かばね かばねへん	部首	かばね かばねへん
記号	殳	ぶしゅ ほこ ほこづくり るまた	部首	ほこ ほこづくり るまた
記号	毋	ぶしゅ なかれ	部首	なかれ
記号	毌	ぶしゅ なかれ	部首	なかれ
記号	比	ぶしゅ ならびひ くらべる	部首	ならびひ くらべる
記号	毛	ぶしゅ	部首	け
記号	氏	ぶしゅ	部首	うじ
記号	气	ぶしゅ きがまえ	部首	きがまえ
記号	水	ぶしゅ	部首	みず
記号	氵	ぶしゅ さんずい	部首	さんずい
記号	氺	ぶしゅ したみず	部首	したみず
記号	火	ぶしゅ ひへん	部首	ひ ひへん
記号	灬	ぶしゅ れんが れっか	部首	れんが れっか
記号	爪	ぶしゅ そうにょう	部首	つめ そうにょう
記号	爫	ぶしゅ つめかんむり	部首	つめかんむり
記号	父	ぶしゅ	部首	ちち
記号	爻	ぶしゅ こう	部首	こう
記号	爿	ぶしゅ しょうへん	部首	しょうへん
記号	片	ぶしゅ かたへん	部首	かた かたへん
記号	牙	ぶしゅ	部首	きば
記号	牛	ぶしゅ	部首	うし
記号	牜	ぶしゅ うしへん	部首	うしへん
記号	犬	ぶしゅ	部首	いぬ
記号	犭	ぶしゅ けものへん	部首	けものへん
記号	玄	ぶしゅ	部首	げん
記号	玉	ぶしゅ たまへん ぎょくへん	部首	たま たまへん ぎょくへん
記号	王	ぶしゅ たま たまへん ぎょくへん	部首	たま たまへん ぎょくへん
記号	玊	ぶしゅ たま たまへん ぎょくへん	部首	たま たまへん ぎょくへん
記号	瓜	ぶしゅ	部首	うり
記号	瓦	ぶしゅ	部首	かわら
記号	甘	ぶしゅ あまい かん	部首	あまい かん
記号	生	ぶしゅ いきる うまれる	部首	いきる うまれる
記号	用	ぶしゅ もちいる	部首	もちいる よう
記号	甩	ぶしゅ もちいる よう	部首	もちいる よう
記号	疋	ぶしゅ ひき	部首	ひき
記号	𤴔	ぶしゅ ひき	部首	ひき
記号	辵	ぶしゅ しんにょう しんにゅう	部首	しんにょう しんにゅう
記号	辶	ぶしゅ しんにょう しんにゅう	部首	しんにょう しんにゅう
記号	疒	ぶしゅ やまいだれ	部首	やまいだれ
記号	邑	ぶしゅ おおざと	部首	おおざと
記号	癶	ぶしゅ はつがしら	部首	はつがしら
記号	白	ぶしゅ しろへん	部首	しろ しろへん
記号	皮	ぶしゅ けがわ ひのかわ	部首	けがわ ひのかわ
記号	酉	ぶしゅ とりへん ひよみのとり	部首	とり とりへん ひよみのとり
記号	皿	ぶしゅ	部首	さら
記号	釆	ぶしゅ のごめ のごめへん	部首	のごめ のごめへん
記号	辰	ぶしゅ しんのたつ	部首	しんのたつ
記号	目	ぶしゅ めへん	部首	め めへん
記号	矛	ぶしゅ ほこへん	部首	ほこ ほこへん
記号	矢	ぶしゅ やへん	部首	や やへん
記号	石	ぶしゅ いしへん	部首	いし いしへん
記号	示	ぶしゅ しめす しめすへん ねへん	部首	しめす しめすへん ねへん
記号	礻	ぶしゅ しめす しめすへん ねへん	部首	しめす しめすへん ねへん
記号	禸	ぶしゅ ぐうのあし	部首	ぐうのあし
記号	禾	ぶしゅ のぎへん	部首	のぎ のぎへん
記号	穴	ぶしゅ あなかんむり	部首	あな あなかんむり
記号	立	ぶしゅ たつへん	部首	たつ たつへん
記号	竹	ぶしゅ たけかんむり	部首	たけ たけかんむり
記号	⺮	ぶしゅ たけかんむり	部首	たけ たけかんむり
記号	米	ぶしゅ こめへん	部首	こめ こめへん
記号	糸	ぶしゅ いとへん	部首	いと いとへん
記号	糹	ぶしゅ いと いとへん	部首	いと いとへん
記号	缶	ぶしゅ ほとぎ ほとぎへん	部首	ほとぎ ほとぎへん かん
記号	网	ぶしゅ あみがしら よんがしら あみめ	部首	あみがしら よんがしら あみめ
記号	罒	ぶしゅ あみがしら よんがしら あみめ め	部首	あみがしら よんがしら あみめ
記号	罓	ぶしゅ あみがしら よんがしら あみめ	部首	あみがしら よんがしら あみめ
記号	𦉰	ぶしゅ あみがしら よんがしら あみめ	部首	あみがしら よんがしら あみめ
記号	㓁	ぶしゅ あみがしら よんがしら あみめ	部首	あみがしら よんがしら あみめ
記号	羊	ぶしゅ ひつじへん	部首	ひつじ ひつじへん
記号	𦍌	ぶしゅ ひつじ ひつじへん	部首	ひつじ ひつじへん
記号	羽	ぶしゅ	部首	はね
記号	老	ぶしゅ おいがしら おいかんむり	部首	おいがしら おいかんむり
記号	耂	ぶしゅ おいがしら おいかんむり	部首	おいがしら おいかんむり
記号	而	ぶしゅ しこうして	部首	しこうして
記号	耒	ぶしゅ すきへん らいすき	部首	すきへん らいすき
記号	耳	ぶしゅ みみへん	部首	みみ みみへん
記号	聿	ぶしゅ ふでづくり	部首	ふでづくり
記号	肀	ぶしゅ ふでづくり	部首	ふでづくり
記号	𦘒	ぶしゅ ふでづくり	部首	ふでづくり
記号	肉	ぶしゅ	部首	にく
記号	月	ぶしゅ にく にくづき つきへん	部首	にく にくづき つきへん
記号	臣	ぶしゅ	部首	しん
記号	自	ぶしゅ みずから	部首	みずから
記号	至	ぶしゅ いたるへん	部首	いたる いたるへん
記号	臼	ぶしゅ	部首	うす
記号	𦥑	ぶしゅ うす	部首	うす
記号	舌	ぶしゅ	部首	した
記号	舛	ぶしゅ	部首	ます
記号	舟	ぶしゅ ふねへん	部首	ふね ふねへん
記号	艮	ぶしゅ こんづくり こん ねづくり	部首	こんづくり こん ねづくり
記号	色	ぶしゅ	部首	いろ
記号	艸	ぶしゅ くさかんむり	部首	くさかんむり
記号	艹	ぶしゅ くさかんむり	部首	くさかんむり
記号	虍	ぶしゅ とらがしら	部首	とらがしら
記号	虫	ぶしゅ むしへん	部首	むし むしへん
記号	血	ぶしゅ ちへん	部首	ち ちへん
記号	行	ぶしゅ ぎょうがまえ ゆきがまえ	部首	ぎょうがまえ ゆきがまえ
記号	衣	ぶしゅ	部首	ころも
記号	衤	ぶしゅ ころもへん	部首	ころもへん
記号	襾	ぶしゅ にし	部首	にし
記号	覀	ぶしゅ にし	部首	にし
記号	西	ぶしゅ	部首	にし
記号	見	ぶしゅ	部首	みる
記号	角	ぶしゅ つのへん	部首	つの つのへん
記号	言	ぶしゅ ごんべん	部首	ごんべん
記号	訁	ぶしゅ ごんべん	部首	ごんべん
記号	谷	ぶしゅ	部首	たに
記号	豆	ぶしゅ	部首	まめ
記号	豕	ぶしゅ いのこへん	部首	いのこ いのこへん
記号	豸	ぶしゅ むじなへん	部首	むじなへん
記号	貝	ぶしゅ かいへん	部首	かい かいへん
記号	赤	ぶしゅ あかへん	部首	あか あかへん
記号	走	ぶしゅ はしる そうにょう	部首	はしる そうにょう
記号	足	ぶしゅ あしへん	部首	あし あしへん
記号	𧾷	ぶしゅ あし あしへん	部首	あし あしへん
記号	身	ぶしゅ みへん	部首	み みへん
記号	車	ぶしゅ くるまへん	部首	くるま くるまへん
記号	辛	ぶしゅ からい しん	部首	からい しん
記号	里	ぶしゅ さとへん	部首	さと さとへん
記号	金	ぶしゅ かねへん	部首	かね かねへん
記号	釒	ぶしゅ かね かねへん	部首	かね かねへん
記号	長	ぶしゅ ながい	部首	ながい
記号	镸	ぶしゅ ながい	部首	ながい
記号	門	ぶしゅ もんがまえ かどがまえ	部首	もんがまえ かどがまえ
記号	阜	ぶしゅ こざとへん	部首	こざとへん
記号	阝	ぶしゅ こざとへん おおざと	部首	こざとへん
記号	隶	ぶしゅ れいづくり	部首	れいづくり
記号	隹	ぶしゅ ふるとり	部首	ふるとり
記号	雨	ぶしゅ あめかんむり	部首	あめかんむり
記号	靑	ぶしゅ	部首	あお
記号	青	ぶしゅ	部首	あお
記号	非	ぶしゅ あらず	部首	あらず
記号	面	ぶしゅ	部首	めん
記号	革	ぶしゅ かわへん つくりがわ	部首	かわへん つくりがわ
記号	韋	ぶしゅ なめしがわ	部首	なめしがわ
記号	韭	ぶしゅ にら	部首	にら
記号	音	ぶしゅ おとへん	部首	おと おとへん
記号	頁	ぶしゅ おおがい	部首	おおがい
記号	風	ぶしゅ ふうにょう	部首	かぜ ふうにょう
記号	飛	ぶしゅ とぶ	部首	とぶ
記号	食	ぶしゅ しょくへん	部首	しょくへん
記号	𩙿	ぶしゅ しょくへん	部首	しょくへん
記号	飠	ぶしゅ しょくへん	部首	しょくへん
記号	首	ぶしゅ	部首	くび
記号	香	ぶしゅ	部首	かおり
記号	馬	ぶしゅ うまへん	部首	うまへん
記号	骨	ぶしゅ ほねへん	部首	ほねへん
記号	高	ぶしゅ たかい	部首	たかい
記号	髟	ぶしゅ かみがしら	部首	かみがしら
記号	鬥	ぶしゅ たたかいがまえ とうがまえ	部首	たたかいがまえ とうがまえ
記号	鬯	ぶしゅ ちょう においざけ	部首	ちょう においざけ
記号	鬲	ぶしゅ	部首	かなえ れき
記号	鬼	ぶしゅ きにょう	部首	おに きにょう
記号	魚	ぶしゅ うおへん	部首	うお うおへん
記号	鳥	ぶしゅ	部首	とり
記号	鹵	ぶしゅ ろ しお	部首	ろ しお
記号	鹿	ぶしゅ	部首	しか
記号	麥	ぶしゅ ばくにょう	部首	むぎ ばくにょう
記号	麦	ぶしゅ ばくにょう	部首	むぎ ばくにょう
記号	麻	ぶしゅ あさかんむり	部首	あさ あさかんむり
記号	黃	ぶしゅ き	部首	き
記号	黄	ぶしゅ	部首	き
記号	黍	ぶしゅ	部首	きび
記号	黑	ぶしゅ くろ	部首	くろ
記号	黒	ぶしゅ	部首	くろ
記号	黹	ぶしゅ ち ぬいとり ふつへん	部首	ち ぬいとり ふつへん
記号	黽	ぶしゅ べんあし おおがえる	部首	べんあし おおがえる
記号	鼎	ぶしゅ てい	部首	てい かなえ
記号	鼓	ぶしゅ	部首	つづみ
記号	鼠	ぶしゅ	部首	ねずみ
記号	鼻	ぶしゅ はなへん	部首	はな はなへん
記号	齊	ぶしゅ せい	部首	せい
記号	斉	ぶしゅ せい	部首	せい
記号	齒	ぶしゅ は はへん	部首	は はへん
記号	歯	ぶしゅ はへん	部首	は はへん
記号	龍	ぶしゅ	部首	りゅう
記号	竜	ぶしゅ	部首	りゅう
記号	龜	ぶしゅ	部首	かめ
記号	亀	ぶしゅ	部首	かめ
記号	龠	ぶしゅ やく やくのふえ	部首	やく やくのふえ
# Hieroglyphs
記号	𓃗	ひえろぐりふ うま	ヒエログリフ 馬			U+130D7
記号	𓃟	ひえろぐりふ ぶた	ヒエログリフ 豚			U+130DF
記号	𓃠	ひえろぐりふ ねこ	ヒエログリフ 猫			U+130E0
記号	𓃡	ひえろぐりふ いぬ	ヒエログリフ 犬			U+130E1
記号	𓃬	ひえろぐりふ らいおん	ヒエログリフ ライオン			U+130EC
記号	𓃭	ひえろぐりふ らいおん	ヒエログリフ ライオン			U+130ED
記号	𓃰	ひえろぐりふ ぞう	ヒエログリフ 象			U+130F0
記号	𓃱	ひえろぐりふ きりん	ヒエログリフ キリン			U+130F1
記号	𓃹	ひえろぐりふ うさぎ のうさぎ	ヒエログリフ ウサギ			U+130F9
記号	𓅓	ひえろぐりふ ふくろう	ヒエログリフ ふくろう			U+13153
記号	𓆉	ひえろぐりふ かめ	ヒエログリフ カメ			U+13189
記号	𓆏	ひえろぐりふ かえる	ヒエログリフ カエル			U+1318F
記号	𓆛	ひえろぐりふ さかな てぃらぴあ	ヒエログリフ 魚			U+1319B
記号	𓆜	ひえろぐりふ さかな ばーべる	ヒエログリフ 魚			U+1319C
記号	𓆝	ひえろぐりふ さかな ぼら	ヒエログリフ 魚			U+1319D
記号	𓆞	ひえろぐりふ さかな えれふぁんとのーずふぃっしゅ	ヒエログリフ 魚			U+1319E
記号	𓆟	ひえろぐりふ さかな	ヒエログリフ 魚			U+1319F
記号	𓆡	ひえろぐりふ さかな ふぐ	ヒエログリフ 魚			U+131A1
# Variant Kanji characters with specific readings
記号	濵	まゆはま	濱の異体字				U+6FF5
記号	髙	はしごだか	高の異体字				U+9AD9
記号	﨑	たつさき	崎の異体字				U+FA11
記号	𠮷	つちよし	吉の異体字				U+20BB7
# Ainu characters
記号	ㇰ	あいぬ く	アイヌ語カナ
記号	ㇱ	あいぬ し	アイヌ語カナ
記号	ㇲ	あいぬ す	アイヌ語カナ
記号	ㇳ	あいぬ と	アイヌ語カナ
記号	ㇴ	あいぬ ぬ	アイヌ語カナ
記号	ㇵ	あいぬ は	アイヌ語カナ
記号	ㇶ	あいぬ ひ	アイヌ語カナ
記号	ㇷ	あいぬ ふ	アイヌ語カナ
記号	ㇸ	あいぬ へ	アイヌ語カナ
記号	ㇹ	あいぬ ほ	アイヌ語カナ
記号	ㇺ	あいぬ む	アイヌ語カナ
記号	ㇻ	あいぬ ら	アイヌ語カナ
記号	ㇼ	あいぬ り	アイヌ語カナ
記号	ㇽ	あいぬ る	アイヌ語カナ
記号	ㇾ	あいぬ れ	アイヌ語カナ
記号	ㇿ	あいぬ ろ	アイヌ語カナ
記号	ㇷ゚	あいぬ ぷ	アイヌ語カナ
記号	セ゚	あいぬ せ	アイヌ語カナ
記号	ツ゚	あいぬ つ	アイヌ語カナ
記号	ト゚	あいぬ と	アイヌ語カナ
# Hentaigana
# Hentaigana is disabled by default, using EnvironmentalFilterRewriter.
# If the client can render Hentaigana, then add Hentaigana related code blocks
# into Request.additional_renderable_character_groups.
記号	𛀀	へんたいがな え	変体仮名
記号	𛀁	へんたいがな いぇ え	江の変体仮名
記号	𛀂	へんたいがな あ	安の変体仮名
記号	𛀃	へんたいがな あ	愛の変体仮名
記号	𛀄	へんたいがな あ	阿の変体仮名
記号	𛀅	へんたいがな あ を	惡の変体仮名
記号	𛀆	へんたいがな い	以の変体仮名
記号	𛀇	へんたいがな い	伊の変体仮名
記号	𛀈	へんたいがな い	意の変体仮名
記号	𛀉	へんたいがな い	移の変体仮名
記号	𛀊	へんたいがな う	宇の変体仮名
記号	𛀋	へんたいがな う	宇の変体仮名
記号	𛀌	へんたいがな う	憂の変体仮名
記号	𛀍	へんたいがな う	有の変体仮名
記号	𛀎	へんたいがな う	雲の変体仮名
記号	𛀏	へんたいがな え	盈の変体仮名
記号	𛀐	へんたいがな え	縁の変体仮名
記号	𛀑	へんたいがな え	衣の変体仮名
記号	𛀒	へんたいがな え	衣の変体仮名
記号	𛀓	へんたいがな え	要の変体仮名
記号	𛀔	へんたいがな お	於の変体仮名
記号	𛀕	へんたいがな お	於の変体仮名
記号	𛀖	へんたいがな お	隱の変体仮名
記号	𛀗	へんたいがな か	佳の変体仮名
記号	𛀘	へんたいがな か	加の変体仮名
記号	𛀙	へんたいがな か	可の変体仮名
記号	𛀚	へんたいがな か	可の変体仮名
記号	𛀛	へんたいがな か	嘉の変体仮名
記号	𛀜	へんたいがな か	我の変体仮名
記号	𛀝	へんたいがな か	歟の変体仮名
記号	𛀞	へんたいがな か	賀の変体仮名
記号	𛀟	へんたいがな か	閑の変体仮名
記号	𛀠	へんたいがな か	香の変体仮名
記号	𛀡	へんたいがな か	駕の変体仮名
記号	𛀢	へんたいがな か け	家の変体仮名
記号	𛀣	へんたいがな き	喜の変体仮名
記号	𛀤	へんたいがな き	幾の変体仮名
記号	𛀥	へんたいがな き	幾の変体仮名
記号	𛀦	へんたいがな き	支の変体仮名
記号	𛀧	へんたいがな き	木の変体仮名
記号	𛀨	へんたいがな き	祈の変体仮名
記号	𛀩	へんたいがな き	貴の変体仮名
記号	𛀪	へんたいがな き	起の変体仮名
記号	𛀫	へんたいがな く	久の変体仮名
記号	𛀬	へんたいがな く	久の変体仮名
記号	𛀭	へんたいがな く	九の変体仮名
記号	𛀮	へんたいがな く	供の変体仮名
記号	𛀯	へんたいがな く	倶の変体仮名
記号	𛀰	へんたいがな く	具の変体仮名
記号	𛀱	へんたいがな く	求の変体仮名
記号	𛀲	へんたいがな け	介の変体仮名
記号	𛀳	へんたいがな け	介の変体仮名
記号	𛀴	へんたいがな け	希の変体仮名
記号	𛀵	へんたいがな け	氣の変体仮名
記号	𛀶	へんたいがな け	計の変体仮名
記号	𛀷	へんたいがな け	遣の変体仮名
記号	𛀸	へんたいがな こ	古の変体仮名
記号	𛀹	へんたいがな こ	故の変体仮名
記号	𛀺	へんたいがな こ	許の変体仮名
記号	𛀻	へんたいがな こ き	期の変体仮名
記号	𛀼	へんたいがな さ	乍の変体仮名
記号	𛀽	へんたいがな さ	佐の変体仮名
記号	𛀾	へんたいがな さ	佐の変体仮名
記号	𛀿	へんたいがな さ	左の変体仮名
記号	𛁀	へんたいがな さ	差の変体仮名
記号	𛁁	へんたいがな さ	散の変体仮名
記号	𛁂	へんたいがな さ	斜の変体仮名
記号	𛁃	へんたいがな さ	沙の変体仮名
記号	𛁄	へんたいがな し	之の変体仮名
記号	𛁅	へんたいがな し	之の変体仮名
記号	𛁆	へんたいがな し	事の変体仮名
記号	𛁇	へんたいがな し	四の変体仮名
記号	𛁈	へんたいがな し	志の変体仮名
記号	𛁉	へんたいがな し	新の変体仮名
記号	𛁊	へんたいがな す	受の変体仮名
記号	𛁋	へんたいがな す	壽の変体仮名
記号	𛁌	へんたいがな す	數の変体仮名
記号	𛁍	へんたいがな す	數の変体仮名
記号	𛁎	へんたいがな す	春の変体仮名
記号	𛁏	へんたいがな す	春の変体仮名
記号	𛁐	へんたいがな す	須の変体仮名
記号	𛁑	へんたいがな す	須の変体仮名
記号	𛁒	へんたいがな せ	世の変体仮名
記号	𛁓	へんたいがな せ	世の変体仮名
記号	𛁔	へんたいがな せ	世の変体仮名
記号	𛁕	へんたいがな せ	勢の変体仮名
記号	𛁖	へんたいがな せ	聲の変体仮名
記号	𛁗	へんたいがな そ	所の変体仮名
記号	𛁘	へんたいがな そ	所の変体仮名
記号	𛁙	へんたいがな そ	曾の変体仮名
記号	𛁚	へんたいがな そ	曾の変体仮名
記号	𛁛	へんたいがな そ	楚の変体仮名
記号	𛁜	へんたいがな そ	蘇の変体仮名
記号	𛁝	へんたいがな そ	處の変体仮名
記号	𛁞	へんたいがな た	堂の変体仮名
記号	𛁟	へんたいがな た	多の変体仮名
記号	𛁠	へんたいがな た	多の変体仮名
記号	𛁡	へんたいがな た	當の変体仮名
記号	𛁢	へんたいがな ち	千の変体仮名
記号	𛁣	へんたいがな ち	地の変体仮名
記号	𛁤	へんたいがな ち	智の変体仮名
記号	𛁥	へんたいがな ち	知の変体仮名
記号	𛁦	へんたいがな ち	知の変体仮名
記号	𛁧	へんたいがな ち	致の変体仮名
記号	𛁨	へんたいがな ち	遲の変体仮名
記号	𛁩	へんたいがな つ	川の変体仮名
記号	𛁪	へんたいがな つ	川の変体仮名
記号	𛁫	へんたいがな つ	津の変体仮名
記号	𛁬	へんたいがな つ	都の変体仮名
記号	𛁭	へんたいがな つ と	徒の変体仮名
記号	𛁮	へんたいがな て	亭の変体仮名
記号	𛁯	へんたいがな て	低の変体仮名
記号	𛁰	へんたいがな て	傳の変体仮名
記号	𛁱	へんたいがな て	天の変体仮名
記号	𛁲	へんたいがな て	天の変体仮名
記号	𛁳	へんたいがな て	天の変体仮名
記号	𛁴	へんたいがな て	帝の変体仮名
記号	𛁵	へんたいがな て	弖の変体仮名
記号	𛁶	へんたいがな て	轉の変体仮名
記号	𛁷	へんたいがな と	土の変体仮名
記号	𛁸	へんたいがな と	度の変体仮名
記号	𛁹	へんたいがな と	東の変体仮名
記号	𛁺	へんたいがな と	登の変体仮名
記号	𛁻	へんたいがな と	登の変体仮名
記号	𛁼	へんたいがな と	砥の変体仮名
記号	𛁽	へんたいがな と ら	等の変体仮名
記号	𛁾	へんたいがな な	南の変体仮名
記号	𛁿	へんたいがな な	名の変体仮名
記号	𛂀	へんたいがな な	奈の変体仮名
記号	𛂁	へんたいがな な	奈の変体仮名
記号	𛂂	へんたいがな な	奈の変体仮名
記号	𛂃	へんたいがな な	菜の変体仮名
記号	𛂄	へんたいがな な	那の変体仮名
記号	𛂅	へんたいがな な	那の変体仮名
記号	𛂆	へんたいがな な	難の変体仮名
記号	𛂇	へんたいがな に	丹の変体仮名
記号	𛂈	へんたいがな に	二の変体仮名
記号	𛂉	へんたいがな に	仁の変体仮名
記号	𛂊	へんたいがな に	兒の変体仮名
記号	𛂋	へんたいがな に	爾の変体仮名
記号	𛂌	へんたいがな に	爾の変体仮名
記号	𛂍	へんたいがな に	耳の変体仮名
記号	𛂎	へんたいがな に て	而の変体仮名
記号	𛂏	へんたいがな ぬ	努の変体仮名
記号	𛂐	へんたいがな ぬ	奴の変体仮名
記号	𛂑	へんたいがな ぬ	怒の変体仮名
記号	𛂒	へんたいがな ね	年の変体仮名
記号	𛂓	へんたいがな ね	年の変体仮名
記号	𛂔	へんたいがな ね	年の変体仮名
記号	𛂕	へんたいがな ね	根の変体仮名
記号	𛂖	へんたいがな ね	熱の変体仮名
記号	𛂗	へんたいがな ね	禰の変体仮名
記号	𛂘	へんたいがな ね こ	子の変体仮名
記号	𛂙	へんたいがな の	乃の変体仮名
記号	𛂚	へんたいがな の	濃の変体仮名
記号	𛂛	へんたいがな の	能の変体仮名
記号	𛂜	へんたいがな の	能の変体仮名
記号	𛂝	へんたいがな の	農の変体仮名
記号	𛂞	へんたいがな は	八の変体仮名
記号	𛂟	へんたいがな は	半の変体仮名
記号	𛂠	へんたいがな は	婆の変体仮名
記号	𛂡	へんたいがな は	波の変体仮名
記号	𛂢	へんたいがな は	盤の変体仮名
記号	𛂣	へんたいがな は	盤の変体仮名
記号	𛂤	へんたいがな は	破の変体仮名
記号	𛂥	へんたいがな は	者の変体仮名
記号	𛂦	へんたいがな は	者の変体仮名
記号	𛂧	へんたいがな は	葉の変体仮名
記号	𛂨	へんたいがな は	頗の変体仮名
記号	𛂩	へんたいがな ひ	悲の変体仮名
記号	𛂪	へんたいがな ひ	日の変体仮名
記号	𛂫	へんたいがな ひ	比の変体仮名
記号	𛂬	へんたいがな ひ	避の変体仮名
記号	𛂭	へんたいがな ひ	非の変体仮名
記号	𛂮	へんたいがな ひ	飛の変体仮名
記号	𛂯	へんたいがな ひ	飛の変体仮名
記号	𛂰	へんたいがな ふ	不の変体仮名
記号	𛂱	へんたいがな ふ	婦の変体仮名
記号	𛂲	へんたいがな ふ	布の変体仮名
記号	𛂳	へんたいがな へ	倍の変体仮名
記号	𛂴	へんたいがな へ	弊の変体仮名
記号	𛂵	へんたいがな へ	弊の変体仮名
記号	𛂶	へんたいがな へ	遍の変体仮名
記号	𛂷	へんたいがな へ	邊の変体仮名
記号	𛂸	へんたいがな へ	邊の変体仮名
記号	𛂹	へんたいがな へ	部の変体仮名
記号	𛂺	へんたいがな ほ	保の変体仮名
記号	𛂻	へんたいがな ほ	保の変体仮名
記号	𛂼	へんたいがな ほ	報の変体仮名
記号	𛂽	へんたいがな ほ	奉の変体仮名
記号	𛂾	へんたいがな ほ	寶の変体仮名
記号	𛂿	へんたいがな ほ	本の変体仮名
記号	𛃀	へんたいがな ほ	本の変体仮名
記号	𛃁	へんたいがな ほ	豐の変体仮名
記号	𛃂	へんたいがな ま	万の変体仮名
記号	𛃃	へんたいがな ま	末の変体仮名
記号	𛃄	へんたいがな ま	末の変体仮名
記号	𛃅	へんたいがな ま	滿の変体仮名
記号	𛃆	へんたいがな ま	滿の変体仮名
記号	𛃇	へんたいがな ま	萬の変体仮名
記号	𛃈	へんたいがな ま	麻の変体仮名
記号	𛃉	へんたいがな み	三の変体仮名
記号	𛃊	へんたいがな み	微の変体仮名
記号	𛃋	へんたいがな み	美の変体仮名
記号	𛃌	へんたいがな み	美の変体仮名
記号	𛃍	へんたいがな み	美の変体仮名
記号	𛃎	へんたいがな み	見の変体仮名
記号	𛃏	へんたいがな み	身の変体仮名
記号	𛃐	へんたいがな む	武の変体仮名
記号	𛃑	へんたいがな む	無の変体仮名
記号	𛃒	へんたいがな む	牟の変体仮名
記号	𛃓	へんたいがな む	舞の変体仮名
記号	𛃔	へんたいがな め	免の変体仮名
記号	𛃕	へんたいがな め	面の変体仮名
記号	𛃖	へんたいがな め ま	馬の変体仮名
記号	𛃗	へんたいがな も	母の変体仮名
記号	𛃘	へんたいがな も	毛の変体仮名
記号	𛃙	へんたいがな も	毛の変体仮名
記号	𛃚	へんたいがな も	毛の変体仮名
記号	𛃛	へんたいがな も	茂の変体仮名
記号	𛃜	へんたいがな も	裳の変体仮名
記号	𛃝	へんたいがな や	也の変体仮名
記号	𛃞	へんたいがな や	也の変体仮名
記号	𛃟	へんたいがな や	屋の変体仮名
記号	𛃠	へんたいがな や	耶の変体仮名
記号	𛃡	へんたいがな や	耶の変体仮名
記号	𛃢	へんたいがな や よ	夜の変体仮名
記号	𛃣	へんたいがな ゆ	游の変体仮名
記号	𛃤	へんたいがな ゆ	由の変体仮名
記号	𛃥	へんたいがな ゆ	由の変体仮名
記号	𛃦	へんたいがな ゆ	遊の変体仮名
記号	𛃧	へんたいがな よ	代の変体仮名
記号	𛃨	へんたいがな よ	余の変体仮名
記号	𛃩	へんたいがな よ	與の変体仮名
記号	𛃪	へんたいがな よ	與の変体仮名
記号	𛃫	へんたいがな よ	與の変体仮名
記号	𛃬	へんたいがな よ	餘の変体仮名
記号	𛃭	へんたいがな ら	羅の変体仮名
記号	𛃮	へんたいがな ら	良の変体仮名
記号	𛃯	へんたいがな ら	良の変体仮名
記号	𛃰	へんたいがな ら	良の変体仮名
記号	𛃱	へんたいがな り	利の変体仮名
記号	𛃲	へんたいがな り	利の変体仮名
記号	𛃳	へんたいがな り	李の変体仮名
記号	𛃴	へんたいがな り	梨の変体仮名
記号	𛃵	へんたいがな り	理の変体仮名
記号	𛃶	へんたいがな り	里の変体仮名
記号	𛃷	へんたいがな り	離の変体仮名
記号	𛃸	へんたいがな る	流の変体仮名
記号	𛃹	へんたいがな る	留の変体仮名
記号	𛃺	へんたいがな る	留の変体仮名
記号	𛃻	へんたいがな る	留の変体仮名
記号	𛃼	へんたいがな る	累の変体仮名
記号	𛃽	へんたいがな る	類の変体仮名
記号	𛃾	へんたいがな れ	禮の変体仮名
記号	𛃿	へんたいがな れ	禮の変体仮名
記号	𛄀	へんたいがな れ	連の変体仮名
記号	𛄁	へんたいがな れ	麗の変体仮名
記号	𛄂	へんたいがな ろ	呂の変体仮名
記号	𛄃	へんたいがな ろ	呂の変体仮名
記号	𛄄	へんたいがな ろ	婁の変体仮名
記号	𛄅	へんたいがな ろ	樓の変体仮名
記号	𛄆	へんたいがな ろ	路の変体仮名
記号	𛄇	へんたいがな ろ	露の変体仮名
記号	𛄈	へんたいがな わ	倭の変体仮名
記号	𛄉	へんたいがな わ	和の変体仮名
記号	𛄊	へんたいがな わ	和の変体仮名
記号	𛄋	へんたいがな わ	王の変体仮名
記号	𛄌	へんたいがな わ	王の変体仮名
記号	𛄍	へんたいがな ゐ うぃ	井の変体仮名
記号	𛄎	へんたいがな ゐ うぃ	井の変体仮名
記号	𛄏	へんたいがな ゐ うぃ	居の変体仮名
記号	𛄐	へんたいがな ゐ うぃ	爲の変体仮名
記号	𛄑	へんたいがな ゐ うぃ	遺の変体仮名
記号	𛄒	へんたいがな ゑ うぇ	惠の変体仮名
記号	𛄓	へんたいがな ゑ うぇ	衞の変体仮名
記号	𛄔	へんたいがな ゑ うぇ	衞の変体仮名
記号	𛄕	へんたいがな ゑ うぇ	衞の変体仮名
記号	𛄖	へんたいがな を	乎の変体仮名
記号	𛄗	へんたいがな を	乎の変体仮名
記号	𛄘	へんたいがな を	尾の変体仮名
記号	𛄙	へんたいがな を	緒の変体仮名
記号	𛄚	へんたいがな を	越の変体仮名
記号	𛄛	へんたいがな を	遠の変体仮名
記号	𛄜	へんたいがな を	遠の変体仮名
記号	𛄝	へんたいがな ん む も	无の変体仮名
記号	𛄞	へんたいがな ん む も	无の変体仮名
記号	𛄟	へんたいがな う	汙の変体仮名
記号	𛄠	へんたいがな い	変体仮名
記号	𛄡	へんたいがな いぇ え	変体仮名
記号	𛄢	へんたいがな う	汙の変体仮名
記号	あ゙	あ あ" だくてん	濁点付き仮名
記号	ぁ゙	あ あ" ぁ ぁ" だくてん	濁点付き仮名
記号	い゙	い い" だくてん	濁点付き仮名
記号	ぃ゙	い い" ぃ ぃ" だくてん	濁点付き仮名
記号	ぅ゙	う う" ゔ ぅ ぅ" だくてん	濁点付き仮名
記号	え゙	え え" だくてん	濁点付き仮名
記号	ぇ゙	え え" ぇ ぇ" だくてん	濁点付き仮名
記号	お゙	お お" だくてん	濁点付き仮名
記号	ぉ゙	お お" ぉ ぉ" だくてん	濁点付き仮名
記号	っ゙	づ っ っ" だくてん	濁点付き仮名
記号	な゙	な な" だくてん	濁点付き仮名
記号	に゙	に に" だくてん	濁点付き仮名
記号	ぬ゙	ぬ ぬ" だくてん	濁点付き仮名
記号	ね゙	ね ね" だくてん	濁点付き仮名
記号	の゙	の の" だくてん	濁点付き仮名
記号	ま゙	ま ま" だくてん	濁点付き仮名
記号	み゙	み み" だくてん	濁点付き仮名
記号	む゙	む む" だくてん	濁点付き仮名
記号	め゙	め め" だくてん	濁点付き仮名
記号	も゙	も も" だくてん	濁点付き仮名
記号	や゙	や や" だくてん	濁点付き仮名
記号	ゃ゙	や や" ゃ ゃ" だくてん	濁点付き仮名
記号	ゆ゙	ゆ ゆ" だくてん	濁点付き仮名
記号	ゅ゙	ゆ ゆ" ゅ ゅ" だくてん	濁点付き仮名
記号	よ゙	よ よ" だくてん	濁点付き仮名
記号	ょ゙	よ よ" ょ ょ" だくてん	濁点付き仮名
記号	ら゙	ら ら" だくてん	濁点付き仮名
記号	り゙	り り" だくてん	濁点付き仮名
記号	る゙	る る" だくてん	濁点付き仮名
記号	れ゙	れ れ" だくてん	濁点付き仮名
記号	ろ゙	ろ ろ" だくてん	濁点付き仮名
記号	わ゙	わ わ" だくてん	濁点付き仮名
記号	ゐ゙	ゐ ゐ" うぃ ゔぃ い い" だくてん	濁点付き仮名
記号	ゑ゙	ゑ ゑ" うぇ ゔぇ え え" だくてん	濁点付き仮名
記号	を゙	を を" ゔぉ だくてん	濁点付き仮名
記号	ん゙	ん ん" だくてん	濁点付き仮名
記号	ア゙	あ あ" だくてん	濁点付き仮名
記号	ァ゙	あ あ" ぁ ぁ" だくてん	濁点付き仮名
記号	イ゙	い い" だくてん	濁点付き仮名
記号	ィ゙	い い" ぃ ぃ" だくてん	濁点付き仮名
記号	ゥ゙	う う" ぅ ぅ" だくてん	濁点付き仮名
記号	エ゙	え え" だくてん	濁点付き仮名
記号	ェ゙	え え" ぇ ぇ" だくてん	濁点付き仮名
記号	オ゙	お お" だくてん	濁点付き仮名
記号	ォ゙	お お" ぉ ぉ" だくてん	濁点付き仮名
記号	ッ゙	づ っ っ" だくてん	濁点付き仮名
記号	ナ゙	な な" だくてん	濁点付き仮名
記号	ニ゙	に に" だくてん	濁点付き仮名
記号	ヌ゙	ぬ ぬ" だくてん	濁点付き仮名
記号	ネ゙	ね ね" だくてん	濁点付き仮名
記号	ノ゙	の の" だくてん	濁点付き仮名
記号	マ゙	ま ま" だくてん	濁点付き仮名
記号	ミ゙	み み" だくてん	濁点付き仮名
記号	ム゙	む む" だくてん	濁点付き仮名
記号	メ゙	め め" だくてん	濁点付き仮名
記号	モ゙	も も" だくてん	濁点付き仮名
記号	ヤ゙	や や" だくてん	濁点付き仮名
記号	ャ゙	や や" ゃ ゃ" だくてん	濁点付き仮名
記号	ユ゙	ゆ ゆ" だくてん	濁点付き仮名
記号	ュ゙	ゆ ゆ" ゅ ゅ" だくてん	濁点付き仮名
記号	ヨ゙	よ よ" だくてん	濁点付き仮名
記号	ョ゙	よ よ" ょ ょ" だくてん	濁点付き仮名
記号	ラ゙	ら ら" だくてん	濁点付き仮名
記号	リ゙	り り" だくてん	濁点付き仮名
記号	ル゙	る る" だくてん	濁点付き仮名
記号	レ゙	れ れ" だくてん	濁点付き仮名
記号	ロ゙	ろ ろ" だくてん	濁点付き仮名
記号	ヷ	わ わ" ゔぁ だくてん	濁点付き仮名
記号	ヸ	ゐ ゐ" うぃ ゔぃ い い" だくてん	濁点付き仮名
記号	ヹ	ゑ ゑ" うぇ ゔぇ え え" だくてん	濁点付き仮名
記号	ヺ	を を" ゔぉ だくてん	濁点付き仮名
記号	ン゙	ん ん" だくてん	濁点付き仮名
記号	か゚	びだくおん か が	鼻濁音
記号	き゚	びだくおん き ぎ	鼻濁音
記号	く゚	びだくおん く ぐ	鼻濁音
記号	け゚	びだくおん け げ	鼻濁音
記号	こ゚	びだくおん こ ご	鼻濁音
記号	カ゚	びだくおん か が	鼻濁音
記号	キ゚	びだくおん き ぎ	鼻濁音
記号	ク゚	びだくおん く ぐ	鼻濁音
記号	ケ゚	びだくおん け げ	鼻濁音
記号	コ゚	びだくおん こ ご	鼻濁音
